studyYear,programDbId,programName,programDescription,studyDbId,studyName,studyDescription,studyDesign,plotWidth,plotLength,fieldSize,fieldTrialIsPlannedToBeGenotyped,fieldTrialIsPlannedToCross,plantingDate,harvestDate,locationDbId,locationName,germplasmDbId,germplasmName,germplasmSynonyms,germplasmEntryNumber,observationLevel,observationUnitDbId,observationUnitName,replicate,blockNumber,plotNumber,rowNumber,colNumber,entryType,plantNumber,Above ground dry biomass - g|day 154|COMP:0000067,Above ground dry biomass - g|day 178|COMP:0000068,Above ground dry biomass - g|day 199|COMP:0000069,Above ground dry biomass - g|day 217|COMP:0000070,Grain weight - g|CO_350:0005123,Grain yield - g/m2|CO_350:0000260,Lodging severity - 0-9 Rating|CO_350:0005007,Pea above ground dry biomass - g|day 154|COMP:0000083,Pea above ground dry biomass - g|day 178|COMP:0000084,Pea above ground dry biomass - g|day 199|COMP:0000085,Pea above ground dry biomass - g|day 217|COMP:0000086,Pea grain weight - g|COMP:0000009,Pea grain yield - g/m2|COMP:0000049,Pea plant establishment - plants/ft2|COMP:0000052,Pea plant height - cm|day 151|COMP:0000087,Pea plant height - cm|day 176|COMP:0000088,Pea plant height - cm|day 196|COMP:0000089,Pea plant height - cm|day 214|COMP:0000090,Plant establishment - plants/ft2|CO_350:0005124,Plant height - cm|day 151|COMP:0000075,Plant height - cm|day 176|COMP:0000076,Plant height - cm|day 196|COMP:0000077,Plant height - cm|day 214|COMP:0000078,Weed above ground dry biomass - g|day 154|COMP:0000079,Weed above ground dry biomass - g|day 178|COMP:0000080,Weed above ground dry biomass - g|day 199|COMP:0000081,Weed above ground dry biomass - g|day 217|COMP:0000082,notes,Cornell_OatPeaDensity_2024_Ithaca_Cornell_OatPeaDensity_2024_Ithaca_oat_density_0,Cornell_OatPeaDensity_2024_Ithaca_Cornell_OatPeaDensity_2024_Ithaca_oat_density_100,Cornell_OatPeaDensity_2024_Ithaca_Cornell_OatPeaDensity_2024_Ithaca_oat_density_50,Cornell_OatPeaDensity_2024_Ithaca_Cornell_OatPeaDensity_2024_Ithaca_oat_density_75,Cornell_OatPeaDensity_2024_Ithaca_Cornell_OatPeaDensity_2024_Ithaca_pea_density_0,Cornell_OatPeaDensity_2024_Ithaca_Cornell_OatPeaDensity_2024_Ithaca_pea_density_100,Cornell_OatPeaDensity_2024_Ithaca_Cornell_OatPeaDensity_2024_Ithaca_pea_density_50,Cornell_OatPeaDensity_2024_Ithaca_Cornell_OatPeaDensity_2024_Ithaca_pea_density_75,Cornell_OatPeaDensity_2024_Ithaca_Cornell_OatPeaDensity_2024_Ithaca_pea_genotype_AUSTRIAN FIELD PEAS,Cornell_OatPeaDensity_2024_Ithaca_Cornell_OatPeaDensity_2024_Ithaca_pea_genotype_DS Admiral,Cornell_OatPeaDensity_2024_Ithaca_Cornell_OatPeaDensity_2024_Ithaca_pea_genotype_Icicle Winter Peas,Cornell_OatPeaDensity_2024_Ithaca_Cornell_OatPeaDensity_2024_Ithaca_pea_genotype_ND Victory,Cornell_OatPeaDensity_2024_Ithaca_Cornell_OatPeaDensity_2024_Ithaca_pea_genotype_Organic 4010
2024,5055,Intercropping Cooperative,Oat breeding programs collaborating on oat intercropping trials,6722,Cornell_OatPeaDensity_2024_Ithaca,Cornell oat pea intercroping with density treatments,CRD,,,,,,2024-May-03,,171,"Ithaca, NY - Snyder",510804,SD181245,SD181245,,plot,717333,Cornell_OatPeaDensity_2024_Ithaca_1,1,1,1,1,1,check,,,,,,128,37,3,,,,,4,1,,,,,,,,,,,,,,,,,,,1,,,,1,,,1,,
2024,5055,Intercropping Cooperative,Oat breeding programs collaborating on oat intercropping trials,6722,Cornell_OatPeaDensity_2024_Ithaca,Cornell oat pea intercroping with density treatments,CRD,,,,,,2024-May-03,,171,"Ithaca, NY - Snyder",202123,IL17-7339,17-7339,,plot,717323,Cornell_OatPeaDensity_2024_Ithaca_10,1,1,10,2,1,test,,,,,,28,10,0,,,,,0,0,,,,,,,,,,,,,,,,,,1,,1,,,,,,,,
2024,5055,Intercropping Cooperative,Oat breeding programs collaborating on oat intercropping trials,6722,Cornell_OatPeaDensity_2024_Ithaca,Cornell oat pea intercroping with density treatments,CRD,,,,,,2024-May-03,,171,"Ithaca, NY - Snyder",202123,IL17-7339,17-7339,,subplot,717354,Cornell_OatPeaDensity_2024_Ithaca_10_subplot_1,1,1,10,2,1,test,,,,329.2,,,,,,,0,,,,0,0,0,0,0,16,16,77,94,99,,,151.4,,,,,1,,1,,,,,,,,
2024,5055,Intercropping Cooperative,Oat breeding programs collaborating on oat intercropping trials,6722,Cornell_OatPeaDensity_2024_Ithaca,Cornell oat pea intercroping with density treatments,CRD,,,,,,2024-May-03,,171,"Ithaca, NY - Snyder",202123,IL17-7339,17-7339,,subplot,717355,Cornell_OatPeaDensity_2024_Ithaca_10_subplot_2,1,1,10,2,1,test,,,,,,,,,,,,,,,0,0,0,0,0,18,18,79,87,114,,,,,,,,1,,1,,,,,,,,
2024,5055,Intercropping Cooperative,Oat breeding programs collaborating on oat intercropping trials,6722,Cornell_OatPeaDensity_2024_Ithaca,Cornell oat pea intercroping with density treatments,CRD,,,,,,2024-May-03,,171,"Ithaca, NY - Snyder",202123,IL17-7339,17-7339,,subplot,717356,Cornell_OatPeaDensity_2024_Ithaca_10_subplot_3,1,1,10,2,1,test,,25.8,,,,,,,0,,,,,,0,0,0,0,0,8,8,80,77,83,14.9,,,,,,,1,,1,,,,,,,,
2024,5055,Intercropping Cooperative,Oat breeding programs collaborating on oat intercropping trials,6722,Cornell_OatPeaDensity_2024_Ithaca,Cornell oat pea intercroping with density treatments,CRD,,,,,,2024-May-03,,171,"Ithaca, NY - Snyder",531129,OT7100,,,plot,717308,Cornell_OatPeaDensity_2024_Ithaca_11,1,1,11,3,1,test,,,,,,174,55,4,,,,,23,7,,,,,,,,,,,,,,,,,1,,,,,1,,1,,,,
2024,5055,Intercropping Cooperative,Oat breeding programs collaborating on oat intercropping trials,6722,Cornell_OatPeaDensity_2024_Ithaca,Cornell oat pea intercroping with density treatments,CRD,,,,,,2024-May-03,,171,"Ithaca, NY - Snyder",531129,OT7100,,,subplot,717465,Cornell_OatPeaDensity_2024_Ithaca_11_subplot_1,1,1,11,3,1,test,,42.5,,,,,,,2.5,,,,,,5,5,67,73,95,29,29,75,99,101,10.8,,,,,,1,,,,,1,,1,,,,
2024,5055,Intercropping Cooperative,Oat breeding programs collaborating on oat intercropping trials,6722,Cornell_OatPeaDensity_2024_Ithaca,Cornell oat pea intercroping with density treatments,CRD,,,,,,2024-May-03,,171,"Ithaca, NY - Snyder",531129,OT7100,,,subplot,717466,Cornell_OatPeaDensity_2024_Ithaca_11_subplot_2,1,1,11,3,1,test,,,,,,,,,,,,,,,5,5,74,83,97,12,12,82,105,104,,,,,,,1,,,,,1,,1,,,,
2024,5055,Intercropping Cooperative,Oat breeding programs collaborating on oat intercropping trials,6722,Cornell_OatPeaDensity_2024_Ithaca,Cornell oat pea intercroping with density treatments,CRD,,,,,,2024-May-03,,171,"Ithaca, NY - Snyder",531129,OT7100,,,subplot,717467,Cornell_OatPeaDensity_2024_Ithaca_11_subplot_3,1,1,11,3,1,test,,,,,248.6,,,,,,,11,,,3,3,71,87,91,7,7,71,103,103,,,,132.3,,,1,,,,,1,,1,,,,
2024,5055,Intercropping Cooperative,Oat breeding programs collaborating on oat intercropping trials,6722,Cornell_OatPeaDensity_2024_Ithaca,Cornell oat pea intercroping with density treatments,CRD,,,,,,2024-May-03,,171,"Ithaca, NY - Snyder",531129,OT7100,,,plot,717316,Cornell_OatPeaDensity_2024_Ithaca_12,1,1,12,3,2,test,,,,,,160,45,4,,,,,12,3,,,,,,,,,,,,,,,,,1,,,,1,,,1,,,,
2024,5055,Intercropping Cooperative,Oat breeding programs collaborating on oat intercropping trials,6722,Cornell_OatPeaDensity_2024_Ithaca,Cornell oat pea intercroping with density treatments,CRD,,,,,,2024-May-03,,171,"Ithaca, NY - Snyder",531129,OT7100,,,subplot,717495,Cornell_OatPeaDensity_2024_Ithaca_12_subplot_1,1,1,12,3,2,test,,32.2,,,,,,,4,,,,,,5,5,66,87,92,16,16,74,94,106,19.8,,,,,,1,,,,1,,,1,,,,
2024,5055,Intercropping Cooperative,Oat breeding programs collaborating on oat intercropping trials,6722,Cornell_OatPeaDensity_2024_Ithaca,Cornell oat pea intercroping with density treatments,CRD,,,,,,2024-May-03,,171,"Ithaca, NY - Snyder",531129,OT7100,,,subplot,717496,Cornell_OatPeaDensity_2024_Ithaca_12_subplot_2,1,1,12,3,2,test,,,,,,,,,,,,,,,4,4,78,84,90,25,25,82,106,104,,,,,,,1,,,,1,,,1,,,,
2024,5055,Intercropping Cooperative,Oat breeding programs collaborating on oat intercropping trials,6722,Cornell_OatPeaDensity_2024_Ithaca,Cornell oat pea intercroping with density treatments,CRD,,,,,,2024-May-03,,171,"Ithaca, NY - Snyder",531129,OT7100,,,subplot,717497,Cornell_OatPeaDensity_2024_Ithaca_12_subplot_3,1,1,12,3,2,test,,,,328.6,,,,,,,47.8,,,,7,7,72,91,85,23,23,88,106,106,,,92.7,,,,1,,,,1,,,1,,,,
2024,5055,Intercropping Cooperative,Oat breeding programs collaborating on oat intercropping trials,6722,Cornell_OatPeaDensity_2024_Ithaca,Cornell oat pea intercroping with density treatments,CRD,,,,,,2024-May-03,,171,"Ithaca, NY - Snyder",531129,OT7100,,,plot,717305,Cornell_OatPeaDensity_2024_Ithaca_13,1,1,13,3,3,test,,,,,,229,74,4,,,,,11,4,,,,,,,,,,,,,,,,,1,,,,,1,,,1,,,
2024,5055,Intercropping Cooperative,Oat breeding programs collaborating on oat intercropping trials,6722,Cornell_OatPeaDensity_2024_Ithaca,Cornell oat pea intercroping with density treatments,CRD,,,,,,2024-May-03,,171,"Ithaca, NY - Snyder",531129,OT7100,,,subplot,717456,Cornell_OatPeaDensity_2024_Ithaca_13_subplot_1,1,1,13,3,3,test,,,,,305.2,,,,,,,4.4,,,3,3,67,23,39,25,25,79,97,99,,,,96.2,,,1,,,,,1,,,1,,,
2024,5055,Intercropping Cooperative,Oat breeding programs collaborating on oat intercropping trials,6722,Cornell_OatPeaDensity_2024_Ithaca,Cornell oat pea intercroping with density treatments,CRD,,,,,,2024-May-03,,171,"Ithaca, NY - Snyder",531129,OT7100,,,subplot,717457,Cornell_OatPeaDensity_2024_Ithaca_13_subplot_2,1,1,13,3,3,test,,,,,,,,,,,,,,,3,3,61,56,57,17,17,81,105,106,,,,,,,1,,,,,1,,,1,,,
2024,5055,Intercropping Cooperative,Oat breeding programs collaborating on oat intercropping trials,6722,Cornell_OatPeaDensity_2024_Ithaca,Cornell oat pea intercroping with density treatments,CRD,,,,,,2024-May-03,,171,"Ithaca, NY - Snyder",531129,OT7100,,,subplot,717458,Cornell_OatPeaDensity_2024_Ithaca_13_subplot_3,1,1,13,3,3,test,,18.5,,,,,,,2.6,,,,,,3,3,64,63,51,12,12,80,98,112,17.1,,,,,,1,,,,,1,,,1,,,
2024,5055,Intercropping Cooperative,Oat breeding programs collaborating on oat intercropping trials,6722,Cornell_OatPeaDensity_2024_Ithaca,Cornell oat pea intercroping with density treatments,CRD,,,,,,2024-May-03,,171,"Ithaca, NY - Snyder",202018,IL17-1253,17-1253,,plot,717315,Cornell_OatPeaDensity_2024_Ithaca_14,1,1,14,3,4,test,,,,,,40,12,1,,,,,20,6,,,,,,,,,,,,,,,,,1,,,,1,,,1,,,,
2024,5055,Intercropping Cooperative,Oat breeding programs collaborating on oat intercropping trials,6722,Cornell_OatPeaDensity_2024_Ithaca,Cornell oat pea intercroping with density treatments,CRD,,,,,,2024-May-03,,171,"Ithaca, NY - Snyder",202018,IL17-1253,17-1253,,subplot,717489,Cornell_OatPeaDensity_2024_Ithaca_14_subplot_1,1,1,14,3,4,test,,,,252.5,,,,,,,13.7,,,,2,2,84,91,99,9,9,86,90,100,,,175.5,,,,1,,,,1,,,1,,,,
2024,5055,Intercropping Cooperative,Oat breeding programs collaborating on oat intercropping trials,6722,Cornell_OatPeaDensity_2024_Ithaca,Cornell oat pea intercroping with density treatments,CRD,,,,,,2024-May-03,,171,"Ithaca, NY - Snyder",202018,IL17-1253,17-1253,,subplot,717490,Cornell_OatPeaDensity_2024_Ithaca_14_subplot_2,1,1,14,3,4,test,,,,,,,,,,,,,,,4,4,79,83,83,24,24,81,92,103,,,,,,,1,,,,1,,,1,,,,
2024,5055,Intercropping Cooperative,Oat breeding programs collaborating on oat intercropping trials,6722,Cornell_OatPeaDensity_2024_Ithaca,Cornell oat pea intercroping with density treatments,CRD,,,,,,2024-May-03,,171,"Ithaca, NY - Snyder",202018,IL17-1253,17-1253,,subplot,717491,Cornell_OatPeaDensity_2024_Ithaca_14_subplot_3,1,1,14,3,4,test,,50.5,,,,,,,5.4,,,,,,11,11,73,88,80,23,23,82,90,93,9.8,,,,,,1,,,,1,,,1,,,,
2024,5055,Intercropping Cooperative,Oat breeding programs collaborating on oat intercropping trials,6722,Cornell_OatPeaDensity_2024_Ithaca,Cornell oat pea intercroping with density treatments,CRD,,,,,,2024-May-03,,171,"Ithaca, NY - Snyder",703605,NO_OATS_PLANTED,,,plot,717342,Cornell_OatPeaDensity_2024_Ithaca_15,1,1,15,3,5,test,,,,,,2,1,0,,,,,40,15,,,,,,,,,,,,,,,,1,,,,,1,,,1,,,,
2024,5055,Intercropping Cooperative,Oat breeding programs collaborating on oat intercropping trials,6722,Cornell_OatPeaDensity_2024_Ithaca,Cornell oat pea intercroping with density treatments,CRD,,,,,,2024-May-03,,171,"Ithaca, NY - Snyder",703605,NO_OATS_PLANTED,,,subplot,717417,Cornell_OatPeaDensity_2024_Ithaca_15_subplot_1,1,1,15,3,5,test,,,,,6.6,,,,,,,47.6,,,2,2,71,95,106,0,0,60,87,0,,,,358.4,,1,,,,,1,,,1,,,,
2024,5055,Intercropping Cooperative,Oat breeding programs collaborating on oat intercropping trials,6722,Cornell_OatPeaDensity_2024_Ithaca,Cornell oat pea intercroping with density treatments,CRD,,,,,,2024-May-03,,171,"Ithaca, NY - Snyder",703605,NO_OATS_PLANTED,,,subplot,717418,Cornell_OatPeaDensity_2024_Ithaca_15_subplot_2,1,1,15,3,5,test,,,,,,,,,,,,,,,7,7,76,95,95,0,0,79,97,0,,,,,,1,,,,,1,,,1,,,,
2024,5055,Intercropping Cooperative,Oat breeding programs collaborating on oat intercropping trials,6722,Cornell_OatPeaDensity_2024_Ithaca,Cornell oat pea intercroping with density treatments,CRD,,,,,,2024-May-03,,171,"Ithaca, NY - Snyder",703605,NO_OATS_PLANTED,,,subplot,717419,Cornell_OatPeaDensity_2024_Ithaca_15_subplot_3,1,1,15,3,5,test,,,0,,,,,,,28.8,,,,,4,4,68,85,89,0,0,58,90,0,,140.8,,,,1,,,,,1,,,1,,,,
2024,5055,Intercropping Cooperative,Oat breeding programs collaborating on oat intercropping trials,6722,Cornell_OatPeaDensity_2024_Ithaca,Cornell oat pea intercroping with density treatments,CRD,,,,,,2024-May-03,,171,"Ithaca, NY - Snyder",97779,OGLE,"03C0700697,IL 73-2664,IL73-2664,Illinois 73-2664,Ogle,OGLE (ck),RL 1475,TLVA5829,TLVA5908,W87678",,plot,717330,Cornell_OatPeaDensity_2024_Ithaca_16,1,1,16,4,5,check,,,,,,156,49,0,,,,,15,5,,,,,,,,,,,,,,,,,,,1,,,,1,,,,1,
2024,5055,Intercropping Cooperative,Oat breeding programs collaborating on oat intercropping trials,6722,Cornell_OatPeaDensity_2024_Ithaca,Cornell oat pea intercroping with density treatments,CRD,,,,,,2024-May-03,,171,"Ithaca, NY - Snyder",97779,OGLE,"03C0700697,IL 73-2664,IL73-2664,Illinois 73-2664,Ogle,OGLE (ck),RL 1475,TLVA5829,TLVA5908,W87678",,subplot,717396,Cornell_OatPeaDensity_2024_Ithaca_16_subplot_1,1,1,16,4,5,check,,70.3,,,,,,,5.1,,,,,,7,7,50,63,52,26,26,88,107,107,12.6,,,,,,,,1,,,,1,,,,1,
2024,5055,Intercropping Cooperative,Oat breeding programs collaborating on oat intercropping trials,6722,Cornell_OatPeaDensity_2024_Ithaca,Cornell oat pea intercroping with density treatments,CRD,,,,,,2024-May-03,,171,"Ithaca, NY - Snyder",97779,OGLE,"03C0700697,IL 73-2664,IL73-2664,Illinois 73-2664,Ogle,OGLE (ck),RL 1475,TLVA5829,TLVA5908,W87678",,subplot,717397,Cornell_OatPeaDensity_2024_Ithaca_16_subplot_2,1,1,16,4,5,check,,,,,,,,,,,,,,,1,1,49,52,55,31,31,99,107,111,,,,,,,,,1,,,,1,,,,1,
2024,5055,Intercropping Cooperative,Oat breeding programs collaborating on oat intercropping trials,6722,Cornell_OatPeaDensity_2024_Ithaca,Cornell oat pea intercroping with density treatments,CRD,,,,,,2024-May-03,,171,"Ithaca, NY - Snyder",97779,OGLE,"03C0700697,IL 73-2664,IL73-2664,Illinois 73-2664,Ogle,OGLE (ck),RL 1475,TLVA5829,TLVA5908,W87678",,subplot,717398,Cornell_OatPeaDensity_2024_Ithaca_16_subplot_3,1,1,16,4,5,check,,,,231.9,,,,,,,14.3,,,,10,10,55,70,61,27,27,86,113,103,,,189.6,,,,,,1,,,,1,,,,1,
2024,5055,Intercropping Cooperative,Oat breeding programs collaborating on oat intercropping trials,6722,Cornell_OatPeaDensity_2024_Ithaca,Cornell oat pea intercroping with density treatments,CRD,,,,,,2024-May-03,,171,"Ithaca, NY - Snyder",510819,MN18038X_008,"MN-18038X-008,MN18038X-008,MN18038X008",,plot,717347,Cornell_OatPeaDensity_2024_Ithaca_17,1,1,17,4,4,check,,,,,,90,26,3,,,,,36,11,,,,,,,,,,,,,,,,,,,1,,,,1,,,,,1
2024,5055,Intercropping Cooperative,Oat breeding programs collaborating on oat intercropping trials,6722,Cornell_OatPeaDensity_2024_Ithaca,Cornell oat pea intercroping with density treatments,CRD,,,,,,2024-May-03,,171,"Ithaca, NY - Snyder",510819,MN18038X_008,"MN-18038X-008,MN18038X-008,MN18038X008",,subplot,717429,Cornell_OatPeaDensity_2024_Ithaca_17_subplot_1,1,1,17,4,4,check,,,187.5,,,,,,,26.5,,,,,3,3,56,91,91,9,9,85,113,112,,77.6,,,,,,,1,,,,1,,,,,1
2024,5055,Intercropping Cooperative,Oat breeding programs collaborating on oat intercropping trials,6722,Cornell_OatPeaDensity_2024_Ithaca,Cornell oat pea intercroping with density treatments,CRD,,,,,,2024-May-03,,171,"Ithaca, NY - Snyder",510819,MN18038X_008,"MN-18038X-008,MN18038X-008,MN18038X008",,subplot,717430,Cornell_OatPeaDensity_2024_Ithaca_17_subplot_2,1,1,17,4,4,check,,,,,,,,,,,,,,,3,3,77,90,93,13,13,86,109,111,,,,,,,,,1,,,,1,,,,,1
2024,5055,Intercropping Cooperative,Oat breeding programs collaborating on oat intercropping trials,6722,Cornell_OatPeaDensity_2024_Ithaca,Cornell oat pea intercroping with density treatments,CRD,,,,,,2024-May-03,,171,"Ithaca, NY - Snyder",510819,MN18038X_008,"MN-18038X-008,MN18038X-008,MN18038X008",,subplot,717431,Cornell_OatPeaDensity_2024_Ithaca_17_subplot_3,1,1,17,4,4,check,,,,322.4,,,,,,,63.4,,,,6,6,82,87,88,19,19,87,110,105,,,69.2,,,,,,1,,,,1,,,,,1
2024,5055,Intercropping Cooperative,Oat breeding programs collaborating on oat intercropping trials,6722,Cornell_OatPeaDensity_2024_Ithaca,Cornell oat pea intercroping with density treatments,CRD,,,,,,2024-May-03,,171,"Ithaca, NY - Snyder",531129,OT7100,,,plot,717343,Cornell_OatPeaDensity_2024_Ithaca_18,1,1,18,4,3,test,,,,,,217,57,3,,,,,36,9,,,,,,,,,,,,,,,,,,1,,,1,,,,1,,,
2024,5055,Intercropping Cooperative,Oat breeding programs collaborating on oat intercropping trials,6722,Cornell_OatPeaDensity_2024_Ithaca,Cornell oat pea intercroping with density treatments,CRD,,,,,,2024-May-03,,171,"Ithaca, NY - Snyder",531129,OT7100,,,subplot,717420,Cornell_OatPeaDensity_2024_Ithaca_18_subplot_1,1,1,18,4,3,test,,,,,255.3,,,,,,,19.4,,,11,11,66,54,61,15,15,80,100,97,,,,142.4,,,,1,,,1,,,,1,,,
2024,5055,Intercropping Cooperative,Oat breeding programs collaborating on oat intercropping trials,6722,Cornell_OatPeaDensity_2024_Ithaca,Cornell oat pea intercroping with density treatments,CRD,,,,,,2024-May-03,,171,"Ithaca, NY - Snyder",531129,OT7100,,,subplot,717421,Cornell_OatPeaDensity_2024_Ithaca_18_subplot_2,1,1,18,4,3,test,,,,,,,,,,,,,,,10,10,57,65,53,11,11,79,100,105,,,,,,,,1,,,1,,,,1,,,
2024,5055,Intercropping Cooperative,Oat breeding programs collaborating on oat intercropping trials,6722,Cornell_OatPeaDensity_2024_Ithaca,Cornell oat pea intercroping with density treatments,CRD,,,,,,2024-May-03,,171,"Ithaca, NY - Snyder",531129,OT7100,,,subplot,717422,Cornell_OatPeaDensity_2024_Ithaca_18_subplot_3,1,1,18,4,3,test,,,149.2,,,,,,,18.2,,,,,3,3,63,60,60,8,8,78,97,101,,100.9,,,,,,1,,,1,,,,1,,,
2024,5055,Intercropping Cooperative,Oat breeding programs collaborating on oat intercropping trials,6722,Cornell_OatPeaDensity_2024_Ithaca,Cornell oat pea intercroping with density treatments,CRD,,,,,,2024-May-03,,171,"Ithaca, NY - Snyder",202123,IL17-7339,17-7339,,plot,717340,Cornell_OatPeaDensity_2024_Ithaca_19,1,1,19,4,2,test,,,,,,35,10,0,,,,,5,1,,,,,,,,,,,,,,,,,1,,,,,1,,,1,,,
2024,5055,Intercropping Cooperative,Oat breeding programs collaborating on oat intercropping trials,6722,Cornell_OatPeaDensity_2024_Ithaca,Cornell oat pea intercroping with density treatments,CRD,,,,,,2024-May-03,,171,"Ithaca, NY - Snyder",202123,IL17-7339,17-7339,,subplot,717408,Cornell_OatPeaDensity_2024_Ithaca_19_subplot_1,1,1,19,4,2,test,,40.4,,,,,,,3.5,,,,,,1,1,39,55,44,24,24,76,78,84,20.7,,,,,,1,,,,,1,,,1,,,
2024,5055,Intercropping Cooperative,Oat breeding programs collaborating on oat intercropping trials,6722,Cornell_OatPeaDensity_2024_Ithaca,Cornell oat pea intercroping with density treatments,CRD,,,,,,2024-May-03,,171,"Ithaca, NY - Snyder",202123,IL17-7339,17-7339,,subplot,717409,Cornell_OatPeaDensity_2024_Ithaca_19_subplot_2,1,1,19,4,2,test,,,,,,,,,,,,,,,5,5,43,50,49,32,32,72,71,87,,,,,,,1,,,,,1,,,1,,,
2024,5055,Intercropping Cooperative,Oat breeding programs collaborating on oat intercropping trials,6722,Cornell_OatPeaDensity_2024_Ithaca,Cornell oat pea intercroping with density treatments,CRD,,,,,,2024-May-03,,171,"Ithaca, NY - Snyder",202123,IL17-7339,17-7339,,subplot,717410,Cornell_OatPeaDensity_2024_Ithaca_19_subplot_3,1,1,19,4,2,test,,,,,219.4,,,,,,,9.1,,,9,9,39,31,48,38,38,64,69,79,,,,108.5,,,1,,,,,1,,,1,,,
2024,5055,Intercropping Cooperative,Oat breeding programs collaborating on oat intercropping trials,6722,Cornell_OatPeaDensity_2024_Ithaca,Cornell oat pea intercroping with density treatments,CRD,,,,,,2024-May-03,,171,"Ithaca, NY - Snyder",510804,SD181245,SD181245,,subplot,717381,Cornell_OatPeaDensity_2024_Ithaca_1_subplot_1,1,1,1,1,1,check,,,,,317.6,,,,,,,4,,,2,2,55,88,86,34,34,85,124,124,,,,154,,,,,1,,,,1,,,1,,
2024,5055,Intercropping Cooperative,Oat breeding programs collaborating on oat intercropping trials,6722,Cornell_OatPeaDensity_2024_Ithaca,Cornell oat pea intercroping with density treatments,CRD,,,,,,2024-May-03,,171,"Ithaca, NY - Snyder",510804,SD181245,SD181245,,subplot,717382,Cornell_OatPeaDensity_2024_Ithaca_1_subplot_2,1,1,1,1,1,check,,,,,,,,,,,,,,,2,2,66,48,48,28,28,77,122,123,,,,,,,,,1,,,,1,,,1,,
2024,5055,Intercropping Cooperative,Oat breeding programs collaborating on oat intercropping trials,6722,Cornell_OatPeaDensity_2024_Ithaca,Cornell oat pea intercroping with density treatments,CRD,,,,,,2024-May-03,,171,"Ithaca, NY - Snyder",510804,SD181245,SD181245,,subplot,717383,Cornell_OatPeaDensity_2024_Ithaca_1_subplot_3,1,1,1,1,1,check,,,260.6,,,,,,,0.5,,,,,0,0,66,69,84,11,11,84,126,120,,89.6,,,,,,,1,,,,1,,,1,,
2024,5055,Intercropping Cooperative,Oat breeding programs collaborating on oat intercropping trials,6722,Cornell_OatPeaDensity_2024_Ithaca,Cornell oat pea intercroping with density treatments,CRD,,,,,,2024-May-03,,171,"Ithaca, NY - Snyder",202018,IL17-1253,17-1253,,plot,717326,Cornell_OatPeaDensity_2024_Ithaca_2,1,1,2,1,2,test,,,,,,173,47,3,,,,,29,8,,,,,,,,,,,,,,,,,1,,,,,1,,1,,,,
2024,5055,Intercropping Cooperative,Oat breeding programs collaborating on oat intercropping trials,6722,Cornell_OatPeaDensity_2024_Ithaca,Cornell oat pea intercroping with density treatments,CRD,,,,,,2024-May-03,,171,"Ithaca, NY - Snyder",202123,IL17-7339,17-7339,,plot,717320,Cornell_OatPeaDensity_2024_Ithaca_20,1,1,20,4,1,test,,,,,,58,20,0,,,,,21,7,,,,,,,,,,,,,,,,,,1,,,1,,,,1,,,
2024,5055,Intercropping Cooperative,Oat breeding programs collaborating on oat intercropping trials,6722,Cornell_OatPeaDensity_2024_Ithaca,Cornell oat pea intercroping with density treatments,CRD,,,,,,2024-May-03,,171,"Ithaca, NY - Snyder",202123,IL17-7339,17-7339,,subplot,717351,Cornell_OatPeaDensity_2024_Ithaca_20_subplot_1,1,1,20,4,1,test,,,176.2,,,,,,,32.2,,,,,7,7,56,50,47,16,16,70,73,97,,106.9,,,,,,1,,,1,,,,1,,,
2024,5055,Intercropping Cooperative,Oat breeding programs collaborating on oat intercropping trials,6722,Cornell_OatPeaDensity_2024_Ithaca,Cornell oat pea intercroping with density treatments,CRD,,,,,,2024-May-03,,171,"Ithaca, NY - Snyder",202123,IL17-7339,17-7339,,subplot,717352,Cornell_OatPeaDensity_2024_Ithaca_20_subplot_2,1,1,20,4,1,test,,,,,,,,,,,,,,,7,7,66,49,66,26,26,78,67,79,,,,,,,,1,,,1,,,,1,,,
2024,5055,Intercropping Cooperative,Oat breeding programs collaborating on oat intercropping trials,6722,Cornell_OatPeaDensity_2024_Ithaca,Cornell oat pea intercroping with density treatments,CRD,,,,,,2024-May-03,,171,"Ithaca, NY - Snyder",202123,IL17-7339,17-7339,,subplot,717353,Cornell_OatPeaDensity_2024_Ithaca_20_subplot_3,1,1,20,4,1,test,,,,139.7,,,,,,,18.2,,,,6,6,56,39,53,15,15,69,75,72,,,156.4,,,,,1,,,1,,,,1,,,
2024,5055,Intercropping Cooperative,Oat breeding programs collaborating on oat intercropping trials,6722,Cornell_OatPeaDensity_2024_Ithaca,Cornell oat pea intercroping with density treatments,CRD,,,,,,2024-May-03,,171,"Ithaca, NY - Snyder",703605,NO_OATS_PLANTED,,,plot,717303,Cornell_OatPeaDensity_2024_Ithaca_21,1,1,21,5,1,test,,,,,,3,1,0,,,,,53,23,,,,,,,,,,,,,,,,1,,,,,1,,,,1,,,
2024,5055,Intercropping Cooperative,Oat breeding programs collaborating on oat intercropping trials,6722,Cornell_OatPeaDensity_2024_Ithaca,Cornell oat pea intercroping with density treatments,CRD,,,,,,2024-May-03,,171,"Ithaca, NY - Snyder",703605,NO_OATS_PLANTED,,,subplot,717459,Cornell_OatPeaDensity_2024_Ithaca_21_subplot_1,1,1,21,5,1,test,,,0,,,,,,,145.8,,,,,16,16,61,57,69,0,0,0,0,0,,128.5,,,,1,,,,,1,,,,1,,,
2024,5055,Intercropping Cooperative,Oat breeding programs collaborating on oat intercropping trials,6722,Cornell_OatPeaDensity_2024_Ithaca,Cornell oat pea intercroping with density treatments,CRD,,,,,,2024-May-03,,171,"Ithaca, NY - Snyder",703605,NO_OATS_PLANTED,,,subplot,717460,Cornell_OatPeaDensity_2024_Ithaca_21_subplot_2,1,1,21,5,1,test,,,,,,,,,,,,,,,16,16,62,64,69,0,0,0,0,0,,,,,,1,,,,,1,,,,1,,,
2024,5055,Intercropping Cooperative,Oat breeding programs collaborating on oat intercropping trials,6722,Cornell_OatPeaDensity_2024_Ithaca,Cornell oat pea intercroping with density treatments,CRD,,,,,,2024-May-03,,171,"Ithaca, NY - Snyder",703605,NO_OATS_PLANTED,,,subplot,717461,Cornell_OatPeaDensity_2024_Ithaca_21_subplot_3,1,1,21,5,1,test,,,,,0,,,,,,,73.6,,,5,5,60,63,67,0,0,0,0,0,,,,342.6,,1,,,,,1,,,,1,,,
2024,5055,Intercropping Cooperative,Oat breeding programs collaborating on oat intercropping trials,6722,Cornell_OatPeaDensity_2024_Ithaca,Cornell oat pea intercroping with density treatments,CRD,,,,,,2024-May-03,,171,"Ithaca, NY - Snyder",202123,IL17-7339,17-7339,,plot,717318,Cornell_OatPeaDensity_2024_Ithaca_22,1,1,22,5,2,test,,,,,,51,19,0,,,,,22,8,,,,,,,,,,,,,,,,,,1,,,1,,,1,,,,
2024,5055,Intercropping Cooperative,Oat breeding programs collaborating on oat intercropping trials,6722,Cornell_OatPeaDensity_2024_Ithaca,Cornell oat pea intercroping with density treatments,CRD,,,,,,2024-May-03,,171,"Ithaca, NY - Snyder",202123,IL17-7339,17-7339,,subplot,717501,Cornell_OatPeaDensity_2024_Ithaca_22_subplot_1,1,1,22,5,2,test,,14.5,,,,,,,1.9,,,,,,3,3,70,75,69,8,8,72,77,77,27.2,,,,,,,1,,,1,,,1,,,,
2024,5055,Intercropping Cooperative,Oat breeding programs collaborating on oat intercropping trials,6722,Cornell_OatPeaDensity_2024_Ithaca,Cornell oat pea intercroping with density treatments,CRD,,,,,,2024-May-03,,171,"Ithaca, NY - Snyder",202123,IL17-7339,17-7339,,subplot,717502,Cornell_OatPeaDensity_2024_Ithaca_22_subplot_2,1,1,22,5,2,test,,,,,,,,,,,,,,,3,3,65,75,77,15,15,71,74,72,,,,,,,,1,,,1,,,1,,,,
2024,5055,Intercropping Cooperative,Oat breeding programs collaborating on oat intercropping trials,6722,Cornell_OatPeaDensity_2024_Ithaca,Cornell oat pea intercroping with density treatments,CRD,,,,,,2024-May-03,,171,"Ithaca, NY - Snyder",202123,IL17-7339,17-7339,,subplot,717503,Cornell_OatPeaDensity_2024_Ithaca_22_subplot_3,1,1,22,5,2,test,,,,217.7,,,,,,,106.3,,,,12,12,72,78,76,30,30,72,72,74,,,47.7,,,,,1,,,1,,,1,,,,
2024,5055,Intercropping Cooperative,Oat breeding programs collaborating on oat intercropping trials,6722,Cornell_OatPeaDensity_2024_Ithaca,Cornell oat pea intercroping with density treatments,CRD,,,,,,2024-May-03,,171,"Ithaca, NY - Snyder",526536,ND180256,,,plot,717307,Cornell_OatPeaDensity_2024_Ithaca_23,1,1,23,5,3,test,,,,,,170,55,6,,,,,28,9,,,,,,,,,,,,,,,,,1,,,,1,,,1,,,,
2024,5055,Intercropping Cooperative,Oat breeding programs collaborating on oat intercropping trials,6722,Cornell_OatPeaDensity_2024_Ithaca,Cornell oat pea intercroping with density treatments,CRD,,,,,,2024-May-03,,171,"Ithaca, NY - Snyder",526536,ND180256,,,subplot,717471,Cornell_OatPeaDensity_2024_Ithaca_23_subplot_1,1,1,23,5,3,test,,,280.4,,,,,,,11.2,,,,,7,7,62,84,96,25,25,93,122,123,,84.9,,,,,1,,,,1,,,1,,,,
2024,5055,Intercropping Cooperative,Oat breeding programs collaborating on oat intercropping trials,6722,Cornell_OatPeaDensity_2024_Ithaca,Cornell oat pea intercroping with density treatments,CRD,,,,,,2024-May-03,,171,"Ithaca, NY - Snyder",526536,ND180256,,,subplot,717472,Cornell_OatPeaDensity_2024_Ithaca_23_subplot_2,1,1,23,5,3,test,,,,,,,,,,,,,,,15,15,70,81,71,33,33,92,110,117,,,,,,,1,,,,1,,,1,,,,
2024,5055,Intercropping Cooperative,Oat breeding programs collaborating on oat intercropping trials,6722,Cornell_OatPeaDensity_2024_Ithaca,Cornell oat pea intercroping with density treatments,CRD,,,,,,2024-May-03,,171,"Ithaca, NY - Snyder",526536,ND180256,,,subplot,717473,Cornell_OatPeaDensity_2024_Ithaca_23_subplot_3,1,1,23,5,3,test,,,,242.7,,,,,,,26.9,,,,4,4,65,97,81,17,17,87,112,118,,,84.4,,,,1,,,,1,,,1,,,,
2024,5055,Intercropping Cooperative,Oat breeding programs collaborating on oat intercropping trials,6722,Cornell_OatPeaDensity_2024_Ithaca,Cornell oat pea intercroping with density treatments,CRD,,,,,,2024-May-03,,171,"Ithaca, NY - Snyder",202018,IL17-1253,17-1253,,plot,717309,Cornell_OatPeaDensity_2024_Ithaca_24,1,1,24,5,4,test,,,,,,48,11,4,,,,,6,1,,,,,,,,,,,,,,,,,1,,,,1,,,,1,,,
2024,5055,Intercropping Cooperative,Oat breeding programs collaborating on oat intercropping trials,6722,Cornell_OatPeaDensity_2024_Ithaca,Cornell oat pea intercroping with density treatments,CRD,,,,,,2024-May-03,,171,"Ithaca, NY - Snyder",202018,IL17-1253,17-1253,,subplot,717474,Cornell_OatPeaDensity_2024_Ithaca_24_subplot_1,1,1,24,5,4,test,,41.6,,,,,,,15.6,,,,,,8,8,71,72,79,20,20,94,97,102,27.1,,,,,,1,,,,1,,,,1,,,
2024,5055,Intercropping Cooperative,Oat breeding programs collaborating on oat intercropping trials,6722,Cornell_OatPeaDensity_2024_Ithaca,Cornell oat pea intercroping with density treatments,CRD,,,,,,2024-May-03,,171,"Ithaca, NY - Snyder",202018,IL17-1253,17-1253,,subplot,717475,Cornell_OatPeaDensity_2024_Ithaca_24_subplot_2,1,1,24,5,4,test,,,,,,,,,,,,,,,3,3,58,47,66,31,31,91,100,99,,,,,,,1,,,,1,,,,1,,,
2024,5055,Intercropping Cooperative,Oat breeding programs collaborating on oat intercropping trials,6722,Cornell_OatPeaDensity_2024_Ithaca,Cornell oat pea intercroping with density treatments,CRD,,,,,,2024-May-03,,171,"Ithaca, NY - Snyder",202018,IL17-1253,17-1253,,subplot,717476,Cornell_OatPeaDensity_2024_Ithaca_24_subplot_3,1,1,24,5,4,test,,,,,258.8,,,,,,,27.4,,,10,10,64,61,66,30,30,78,89,93,,,,40.1,,,1,,,,1,,,,1,,,
2024,5055,Intercropping Cooperative,Oat breeding programs collaborating on oat intercropping trials,6722,Cornell_OatPeaDensity_2024_Ithaca,Cornell oat pea intercroping with density treatments,CRD,,,,,,2024-May-03,,171,"Ithaca, NY - Snyder",202123,IL17-7339,17-7339,,plot,717339,Cornell_OatPeaDensity_2024_Ithaca_25,1,1,25,5,5,test,,,,,,103,31,3,,,,,14,4,,,,,,,,,,,,,,,,,,1,,,,1,,1,,,,
2024,5055,Intercropping Cooperative,Oat breeding programs collaborating on oat intercropping trials,6722,Cornell_OatPeaDensity_2024_Ithaca,Cornell oat pea intercroping with density treatments,CRD,,,,,,2024-May-03,,171,"Ithaca, NY - Snyder",202123,IL17-7339,17-7339,,subplot,717399,Cornell_OatPeaDensity_2024_Ithaca_25_subplot_1,1,1,25,5,5,test,,36.1,,,,,,,3.6,,,,,,4,4,84,66,76,13,13,80,82,82,25.2,,,,,,,1,,,,1,,1,,,,
2024,5055,Intercropping Cooperative,Oat breeding programs collaborating on oat intercropping trials,6722,Cornell_OatPeaDensity_2024_Ithaca,Cornell oat pea intercroping with density treatments,CRD,,,,,,2024-May-03,,171,"Ithaca, NY - Snyder",202123,IL17-7339,17-7339,,subplot,717400,Cornell_OatPeaDensity_2024_Ithaca_25_subplot_2,1,1,25,5,5,test,,,,,,,,,,,,,,,6,6,55,86,89,24,24,75,85,85,,,,,,,,1,,,,1,,1,,,,
2024,5055,Intercropping Cooperative,Oat breeding programs collaborating on oat intercropping trials,6722,Cornell_OatPeaDensity_2024_Ithaca,Cornell oat pea intercroping with density treatments,CRD,,,,,,2024-May-03,,171,"Ithaca, NY - Snyder",202123,IL17-7339,17-7339,,subplot,717401,Cornell_OatPeaDensity_2024_Ithaca_25_subplot_3,1,1,25,5,5,test,,,,,148.2,,,,,,,10.7,,,1,1,54,77,81,9,9,71,80,81,,,,184.4,,,,1,,,,1,,1,,,,
2024,5055,Intercropping Cooperative,Oat breeding programs collaborating on oat intercropping trials,6722,Cornell_OatPeaDensity_2024_Ithaca,Cornell oat pea intercroping with density treatments,CRD,,,,,,2024-May-03,,171,"Ithaca, NY - Snyder",202018,IL17-1253,17-1253,,plot,717327,Cornell_OatPeaDensity_2024_Ithaca_26,1,1,26,6,5,check,,,,,,232,68,2,,,,,16,5,,,,,,,,,,,,,,,,,,,1,,,,1,,1,,,
2024,5055,Intercropping Cooperative,Oat breeding programs collaborating on oat intercropping trials,6722,Cornell_OatPeaDensity_2024_Ithaca,Cornell oat pea intercroping with density treatments,CRD,,,,,,2024-May-03,,171,"Ithaca, NY - Snyder",202018,IL17-1253,17-1253,,subplot,717369,Cornell_OatPeaDensity_2024_Ithaca_26_subplot_1,1,1,26,6,5,check,,,,,262.2,,,,,,,22.7,,,3,3,62,58,57,28,28,78,87,96,,,,127.2,,,,,1,,,,1,,1,,,
2024,5055,Intercropping Cooperative,Oat breeding programs collaborating on oat intercropping trials,6722,Cornell_OatPeaDensity_2024_Ithaca,Cornell oat pea intercroping with density treatments,CRD,,,,,,2024-May-03,,171,"Ithaca, NY - Snyder",202018,IL17-1253,17-1253,,subplot,717370,Cornell_OatPeaDensity_2024_Ithaca_26_subplot_2,1,1,26,6,5,check,,,,,,,,,,,,,,,5,5,57,53,58,24,24,75,84,90,,,,,,,,,1,,,,1,,1,,,
2024,5055,Intercropping Cooperative,Oat breeding programs collaborating on oat intercropping trials,6722,Cornell_OatPeaDensity_2024_Ithaca,Cornell oat pea intercroping with density treatments,CRD,,,,,,2024-May-03,,171,"Ithaca, NY - Snyder",202018,IL17-1253,17-1253,,subplot,717371,Cornell_OatPeaDensity_2024_Ithaca_26_subplot_3,1,1,26,6,5,check,,,140,,,,,,,11.2,,,,,6,6,49,36,48,10,10,74,91,95,,78.3,,,,,,,1,,,,1,,1,,,
2024,5055,Intercropping Cooperative,Oat breeding programs collaborating on oat intercropping trials,6722,Cornell_OatPeaDensity_2024_Ithaca,Cornell oat pea intercroping with density treatments,CRD,,,,,,2024-May-03,,171,"Ithaca, NY - Snyder",703605,NO_OATS_PLANTED,,,plot,717349,Cornell_OatPeaDensity_2024_Ithaca_27,1,1,27,6,4,test,,,,,,1,0,0,,,,,22,6,,,,,,,,,,,,,,,,1,,,,,,1,,1,,,,
2024,5055,Intercropping Cooperative,Oat breeding programs collaborating on oat intercropping trials,6722,Cornell_OatPeaDensity_2024_Ithaca,Cornell oat pea intercroping with density treatments,CRD,,,,,,2024-May-03,,171,"Ithaca, NY - Snyder",703605,NO_OATS_PLANTED,,,subplot,717441,Cornell_OatPeaDensity_2024_Ithaca_27_subplot_1,1,1,27,6,4,test,,,3.4,,,,,,,16.3,,,,,2,2,62,88,86,0,0,66,0,0,,208.3,,,,1,,,,,,1,,1,,,,
2024,5055,Intercropping Cooperative,Oat breeding programs collaborating on oat intercropping trials,6722,Cornell_OatPeaDensity_2024_Ithaca,Cornell oat pea intercroping with density treatments,CRD,,,,,,2024-May-03,,171,"Ithaca, NY - Snyder",703605,NO_OATS_PLANTED,,,subplot,717442,Cornell_OatPeaDensity_2024_Ithaca_27_subplot_2,1,1,27,6,4,test,,,,,,,,,,,,,,,6,6,60,92,96,0,0,41,0,0,,,,,,1,,,,,,1,,1,,,,
2024,5055,Intercropping Cooperative,Oat breeding programs collaborating on oat intercropping trials,6722,Cornell_OatPeaDensity_2024_Ithaca,Cornell oat pea intercroping with density treatments,CRD,,,,,,2024-May-03,,171,"Ithaca, NY - Snyder",703605,NO_OATS_PLANTED,,,subplot,717443,Cornell_OatPeaDensity_2024_Ithaca_27_subplot_3,1,1,27,6,4,test,,,,0,,,,,,,33.3,,,,8,8,58,81,83,0,0,49,0,0,,,390.8,,,1,,,,,,1,,1,,,,
2024,5055,Intercropping Cooperative,Oat breeding programs collaborating on oat intercropping trials,6722,Cornell_OatPeaDensity_2024_Ithaca,Cornell oat pea intercroping with density treatments,CRD,,,,,,2024-May-03,,171,"Ithaca, NY - Snyder",703605,NO_OATS_PLANTED,,,plot,717337,Cornell_OatPeaDensity_2024_Ithaca_28,1,1,28,6,3,test,,,,,,4,1,0,,,,,39,11,,,,,,,,,,,,,,,,1,,,,,1,,,,1,,,
2024,5055,Intercropping Cooperative,Oat breeding programs collaborating on oat intercropping trials,6722,Cornell_OatPeaDensity_2024_Ithaca,Cornell oat pea intercroping with density treatments,CRD,,,,,,2024-May-03,,171,"Ithaca, NY - Snyder",703605,NO_OATS_PLANTED,,,subplot,717405,Cornell_OatPeaDensity_2024_Ithaca_28_subplot_1,1,1,28,6,3,test,,,58.5,,,,,,,136.5,,,,,14,14,63,70,79,3,3,68,0,97,,57.4,,,,1,,,,,1,,,,1,,,
2024,5055,Intercropping Cooperative,Oat breeding programs collaborating on oat intercropping trials,6722,Cornell_OatPeaDensity_2024_Ithaca,Cornell oat pea intercroping with density treatments,CRD,,,,,,2024-May-03,,171,"Ithaca, NY - Snyder",703605,NO_OATS_PLANTED,,,subplot,717406,Cornell_OatPeaDensity_2024_Ithaca_28_subplot_2,1,1,28,6,3,test,,,,,,,,,,,,,,,9,9,59,71,71,0,0,52,0,0,,,,,,1,,,,,1,,,,1,,,
2024,5055,Intercropping Cooperative,Oat breeding programs collaborating on oat intercropping trials,6722,Cornell_OatPeaDensity_2024_Ithaca,Cornell oat pea intercroping with density treatments,CRD,,,,,,2024-May-03,,171,"Ithaca, NY - Snyder",703605,NO_OATS_PLANTED,,,subplot,717407,Cornell_OatPeaDensity_2024_Ithaca_28_subplot_3,1,1,28,6,3,test,,,,,0,,,,,,,28.7,,,5,5,49,45,53,0,0,52,0,0,,,,402.3,,1,,,,,1,,,,1,,,
2024,5055,Intercropping Cooperative,Oat breeding programs collaborating on oat intercropping trials,6722,Cornell_OatPeaDensity_2024_Ithaca,Cornell oat pea intercroping with density treatments,CRD,,,,,,2024-May-03,,171,"Ithaca, NY - Snyder",202123,IL17-7339,17-7339,,plot,717344,Cornell_OatPeaDensity_2024_Ithaca_29,1,1,29,6,2,test,,,,,,96,25,0,,,,,15,4,,,,,,,,,,,,,,,,,1,,,,1,,,1,,,,
2024,5055,Intercropping Cooperative,Oat breeding programs collaborating on oat intercropping trials,6722,Cornell_OatPeaDensity_2024_Ithaca,Cornell oat pea intercroping with density treatments,CRD,,,,,,2024-May-03,,171,"Ithaca, NY - Snyder",202123,IL17-7339,17-7339,,subplot,717423,Cornell_OatPeaDensity_2024_Ithaca_29_subplot_1,1,1,29,6,2,test,,26.1,,,,,,,1.2,,,,,,5,5,55,65,69,21,21,65,73,77,14.1,,,,,,1,,,,1,,,1,,,,
2024,5055,Intercropping Cooperative,Oat breeding programs collaborating on oat intercropping trials,6722,Cornell_OatPeaDensity_2024_Ithaca,Cornell oat pea intercroping with density treatments,CRD,,,,,,2024-May-03,,171,"Ithaca, NY - Snyder",202123,IL17-7339,17-7339,,subplot,717424,Cornell_OatPeaDensity_2024_Ithaca_29_subplot_2,1,1,29,6,2,test,,,,,,,,,,,,,,,10,10,52,62,62,27,27,69,85,73,,,,,,,1,,,,1,,,1,,,,
2024,5055,Intercropping Cooperative,Oat breeding programs collaborating on oat intercropping trials,6722,Cornell_OatPeaDensity_2024_Ithaca,Cornell oat pea intercroping with density treatments,CRD,,,,,,2024-May-03,,171,"Ithaca, NY - Snyder",202123,IL17-7339,17-7339,,subplot,717425,Cornell_OatPeaDensity_2024_Ithaca_29_subplot_3,1,1,29,6,2,test,,,,,182.9,,,,,,,36.4,,,11,11,47,66,70,19,19,60,88,76,,,,115,,,1,,,,1,,,1,,,,
2024,5055,Intercropping Cooperative,Oat breeding programs collaborating on oat intercropping trials,6722,Cornell_OatPeaDensity_2024_Ithaca,Cornell oat pea intercroping with density treatments,CRD,,,,,,2024-May-03,,171,"Ithaca, NY - Snyder",202018,IL17-1253,17-1253,,subplot,717378,Cornell_OatPeaDensity_2024_Ithaca_2_subplot_1,1,1,2,1,2,test,,,,,295.7,,,,,,,4.2,,,2,2,75,89,87,15,15,80,90,106,,,,161.6,,,1,,,,,1,,1,,,,
2024,5055,Intercropping Cooperative,Oat breeding programs collaborating on oat intercropping trials,6722,Cornell_OatPeaDensity_2024_Ithaca,Cornell oat pea intercroping with density treatments,CRD,,,,,,2024-May-03,,171,"Ithaca, NY - Snyder",202018,IL17-1253,17-1253,,subplot,717379,Cornell_OatPeaDensity_2024_Ithaca_2_subplot_2,1,1,2,1,2,test,,,,,,,,,,,,,,,4,4,88,100,97,25,25,88,98,100,,,,,,,1,,,,,1,,1,,,,
2024,5055,Intercropping Cooperative,Oat breeding programs collaborating on oat intercropping trials,6722,Cornell_OatPeaDensity_2024_Ithaca,Cornell oat pea intercroping with density treatments,CRD,,,,,,2024-May-03,,171,"Ithaca, NY - Snyder",202018,IL17-1253,17-1253,,subplot,717380,Cornell_OatPeaDensity_2024_Ithaca_2_subplot_3,1,1,2,1,2,test,,67.4,,,,,,,3.5,,,,,,4,4,75,92,84,31,31,74,89,95,13.5,,,,,,1,,,,,1,,1,,,,
2024,5055,Intercropping Cooperative,Oat breeding programs collaborating on oat intercropping trials,6722,Cornell_OatPeaDensity_2024_Ithaca,Cornell oat pea intercroping with density treatments,CRD,,,,,,2024-May-03,,171,"Ithaca, NY - Snyder",202018,IL17-1253,17-1253,,plot,717325,Cornell_OatPeaDensity_2024_Ithaca_3,1,1,3,1,3,test,,,,,,209,74,2,,,,,19,7,,,,,,,,,,,,,,,,,1,,,,,1,,,1,,,
2024,5055,Intercropping Cooperative,Oat breeding programs collaborating on oat intercropping trials,6722,Cornell_OatPeaDensity_2024_Ithaca,Cornell oat pea intercroping with density treatments,CRD,,,,,,2024-May-03,,171,"Ithaca, NY - Snyder",526536,ND180256,,,plot,717334,Cornell_OatPeaDensity_2024_Ithaca_30,1,1,30,6,1,test,,,,,,176,61,2,,,,,16,6,,,,,,,,,,,,,,,,,,1,,,,1,,1,,,,
2024,5055,Intercropping Cooperative,Oat breeding programs collaborating on oat intercropping trials,6722,Cornell_OatPeaDensity_2024_Ithaca,Cornell oat pea intercroping with density treatments,CRD,,,,,,2024-May-03,,171,"Ithaca, NY - Snyder",526536,ND180256,,,subplot,717387,Cornell_OatPeaDensity_2024_Ithaca_30_subplot_1,1,1,30,6,1,test,,,,374.4,,,,,,,27.8,,,,5,5,60,74,82,15,15,75,104,104,,,70.2,,,,,1,,,,1,,1,,,,
2024,5055,Intercropping Cooperative,Oat breeding programs collaborating on oat intercropping trials,6722,Cornell_OatPeaDensity_2024_Ithaca,Cornell oat pea intercroping with density treatments,CRD,,,,,,2024-May-03,,171,"Ithaca, NY - Snyder",526536,ND180256,,,subplot,717388,Cornell_OatPeaDensity_2024_Ithaca_30_subplot_2,1,1,30,6,1,test,,,,,,,,,,,,,,,3,3,59,80,77,14,14,69,108,107,,,,,,,,1,,,,1,,1,,,,
2024,5055,Intercropping Cooperative,Oat breeding programs collaborating on oat intercropping trials,6722,Cornell_OatPeaDensity_2024_Ithaca,Cornell oat pea intercroping with density treatments,CRD,,,,,,2024-May-03,,171,"Ithaca, NY - Snyder",526536,ND180256,,,subplot,717389,Cornell_OatPeaDensity_2024_Ithaca_30_subplot_3,1,1,30,6,1,test,,,72.4,,,,,,,7.4,,,,,7,7,61,67,84,7,7,75,113,112,,81.3,,,,,,1,,,,1,,1,,,,
2024,5055,Intercropping Cooperative,Oat breeding programs collaborating on oat intercropping trials,6722,Cornell_OatPeaDensity_2024_Ithaca,Cornell oat pea intercroping with density treatments,CRD,,,,,,2024-May-03,,171,"Ithaca, NY - Snyder",703605,NO_OATS_PLANTED,,,plot,717301,Cornell_OatPeaDensity_2024_Ithaca_31,1,1,31,7,1,test,,,,,,5,2,0,,,,,18,7,,,,,,,,,,,,,,,,1,,,,,,1,,1,,,,
2024,5055,Intercropping Cooperative,Oat breeding programs collaborating on oat intercropping trials,6722,Cornell_OatPeaDensity_2024_Ithaca,Cornell oat pea intercroping with density treatments,CRD,,,,,,2024-May-03,,171,"Ithaca, NY - Snyder",703605,NO_OATS_PLANTED,,,subplot,717450,Cornell_OatPeaDensity_2024_Ithaca_31_subplot_1,1,1,31,7,1,test,,,0,,,,,,,11.5,,,,,6,6,35,68,78,0,0,0,0,0,,92.3,,,,1,,,,,,1,,1,,,,
2024,5055,Intercropping Cooperative,Oat breeding programs collaborating on oat intercropping trials,6722,Cornell_OatPeaDensity_2024_Ithaca,Cornell oat pea intercroping with density treatments,CRD,,,,,,2024-May-03,,171,"Ithaca, NY - Snyder",703605,NO_OATS_PLANTED,,,subplot,717451,Cornell_OatPeaDensity_2024_Ithaca_31_subplot_2,1,1,31,7,1,test,,,,,,,,,,,,,,,8,8,46,71,95,0,0,0,0,0,,,,,,1,,,,,,1,,1,,,,
2024,5055,Intercropping Cooperative,Oat breeding programs collaborating on oat intercropping trials,6722,Cornell_OatPeaDensity_2024_Ithaca,Cornell oat pea intercroping with density treatments,CRD,,,,,,2024-May-03,,171,"Ithaca, NY - Snyder",703605,NO_OATS_PLANTED,,,subplot,717452,Cornell_OatPeaDensity_2024_Ithaca_31_subplot_3,1,1,31,7,1,test,,,,0,,,,,,,16.9,,,,5,5,51,69,62,0,0,0,0,0,,,329.5,,,1,,,,,,1,,1,,,,
2024,5055,Intercropping Cooperative,Oat breeding programs collaborating on oat intercropping trials,6722,Cornell_OatPeaDensity_2024_Ithaca,Cornell oat pea intercroping with density treatments,CRD,,,,,,2024-May-03,,171,"Ithaca, NY - Snyder",526536,ND180256,,,plot,717310,Cornell_OatPeaDensity_2024_Ithaca_32,1,1,32,7,2,test,,,,,,267,74,2,,,,,16,4,,,,,,,,,,,,,,,,,1,,,,1,,,,1,,,
2024,5055,Intercropping Cooperative,Oat breeding programs collaborating on oat intercropping trials,6722,Cornell_OatPeaDensity_2024_Ithaca,Cornell oat pea intercroping with density treatments,CRD,,,,,,2024-May-03,,171,"Ithaca, NY - Snyder",526536,ND180256,,,subplot,717477,Cornell_OatPeaDensity_2024_Ithaca_32_subplot_1,1,1,32,7,2,test,,,,262.9,,,,,,,16.2,,,,3,3,49,31,39,21,21,70,94,99,,,48.7,,,,1,,,,1,,,,1,,,
2024,5055,Intercropping Cooperative,Oat breeding programs collaborating on oat intercropping trials,6722,Cornell_OatPeaDensity_2024_Ithaca,Cornell oat pea intercroping with density treatments,CRD,,,,,,2024-May-03,,171,"Ithaca, NY - Snyder",526536,ND180256,,,subplot,717478,Cornell_OatPeaDensity_2024_Ithaca_32_subplot_2,1,1,32,7,2,test,,,,,,,,,,,,,,,10,10,51,33,39,20,20,81,108,105,,,,,,,1,,,,1,,,,1,,,
2024,5055,Intercropping Cooperative,Oat breeding programs collaborating on oat intercropping trials,6722,Cornell_OatPeaDensity_2024_Ithaca,Cornell oat pea intercroping with density treatments,CRD,,,,,,2024-May-03,,171,"Ithaca, NY - Snyder",526536,ND180256,,,subplot,717479,Cornell_OatPeaDensity_2024_Ithaca_32_subplot_3,1,1,32,7,2,test,,19.8,,,,,,,7,,,,,,12,12,48,48,51,18,18,72,97,100,4.3,,,,,,1,,,,1,,,,1,,,
2024,5055,Intercropping Cooperative,Oat breeding programs collaborating on oat intercropping trials,6722,Cornell_OatPeaDensity_2024_Ithaca,Cornell oat pea intercroping with density treatments,CRD,,,,,,2024-May-03,,171,"Ithaca, NY - Snyder",531129,OT7100,,,plot,717299,Cornell_OatPeaDensity_2024_Ithaca_33,1,1,33,7,3,test,,,,,,109,33,6,,,,,18,5,,,,,,,,,,,,,,,,,,1,,,1,,,1,,,,
2024,5055,Intercropping Cooperative,Oat breeding programs collaborating on oat intercropping trials,6722,Cornell_OatPeaDensity_2024_Ithaca,Cornell oat pea intercroping with density treatments,CRD,,,,,,2024-May-03,,171,"Ithaca, NY - Snyder",531129,OT7100,,,subplot,717444,Cornell_OatPeaDensity_2024_Ithaca_33_subplot_1,1,1,33,7,3,test,,20.7,,,,,,,4.1,,,,,,8,8,39,85,84,11,11,62,90,92,3.9,,,,,,,1,,,1,,,1,,,,
2024,5055,Intercropping Cooperative,Oat breeding programs collaborating on oat intercropping trials,6722,Cornell_OatPeaDensity_2024_Ithaca,Cornell oat pea intercroping with density treatments,CRD,,,,,,2024-May-03,,171,"Ithaca, NY - Snyder",531129,OT7100,,,subplot,717445,Cornell_OatPeaDensity_2024_Ithaca_33_subplot_2,1,1,33,7,3,test,,,,,,,,,,,,,,,8,8,57,81,88,10,10,67,96,92,,,,,,,,1,,,1,,,1,,,,
2024,5055,Intercropping Cooperative,Oat breeding programs collaborating on oat intercropping trials,6722,Cornell_OatPeaDensity_2024_Ithaca,Cornell oat pea intercroping with density treatments,CRD,,,,,,2024-May-03,,171,"Ithaca, NY - Snyder",531129,OT7100,,,subplot,717446,Cornell_OatPeaDensity_2024_Ithaca_33_subplot_3,1,1,33,7,3,test,,,,261,,,,,,,40.7,,,,5,5,39,77,82,13,13,66,97,92,,,110.6,,,,,1,,,1,,,1,,,,
2024,5055,Intercropping Cooperative,Oat breeding programs collaborating on oat intercropping trials,6722,Cornell_OatPeaDensity_2024_Ithaca,Cornell oat pea intercroping with density treatments,CRD,,,,,,2024-May-03,,171,"Ithaca, NY - Snyder",526536,ND180256,,,plot,717319,Cornell_OatPeaDensity_2024_Ithaca_34,1,1,34,7,4,test,,,,,,205,51,1,,,,,10,2,,,,,,,,,,,,,,,,,1,,,,,1,,,1,,,
2024,5055,Intercropping Cooperative,Oat breeding programs collaborating on oat intercropping trials,6722,Cornell_OatPeaDensity_2024_Ithaca,Cornell oat pea intercroping with density treatments,CRD,,,,,,2024-May-03,,171,"Ithaca, NY - Snyder",526536,ND180256,,,subplot,717504,Cornell_OatPeaDensity_2024_Ithaca_34_subplot_1,1,1,34,7,4,test,,,,,215.3,,,,,,,3.8,,,4,4,47,27,33,18,18,66,106,109,,,,89.5,,,1,,,,,1,,,1,,,
2024,5055,Intercropping Cooperative,Oat breeding programs collaborating on oat intercropping trials,6722,Cornell_OatPeaDensity_2024_Ithaca,Cornell oat pea intercroping with density treatments,CRD,,,,,,2024-May-03,,171,"Ithaca, NY - Snyder",526536,ND180256,,,subplot,717505,Cornell_OatPeaDensity_2024_Ithaca_34_subplot_2,1,1,34,7,4,test,,,,,,,,,,,,,,,6,6,54,29,36,25,25,77,107,108,,,,,,,1,,,,,1,,,1,,,
2024,5055,Intercropping Cooperative,Oat breeding programs collaborating on oat intercropping trials,6722,Cornell_OatPeaDensity_2024_Ithaca,Cornell oat pea intercroping with density treatments,CRD,,,,,,2024-May-03,,171,"Ithaca, NY - Snyder",526536,ND180256,,,subplot,717506,Cornell_OatPeaDensity_2024_Ithaca_34_subplot_3,1,1,34,7,4,test,,21.7,,,,,,,2.5,,,,,,7,7,41,34,38,26,26,75,102,104,3.3,,,,,,1,,,,,1,,,1,,,
2024,5055,Intercropping Cooperative,Oat breeding programs collaborating on oat intercropping trials,6722,Cornell_OatPeaDensity_2024_Ithaca,Cornell oat pea intercroping with density treatments,CRD,,,,,,2024-May-03,,171,"Ithaca, NY - Snyder",202018,IL17-1253,17-1253,,plot,717348,Cornell_OatPeaDensity_2024_Ithaca_35,1,1,35,7,5,test,,,,,,160,48,0,,,,,22,6,,,,,,,,,,,,,,,,,,1,,,,1,,,1,,,
2024,5055,Intercropping Cooperative,Oat breeding programs collaborating on oat intercropping trials,6722,Cornell_OatPeaDensity_2024_Ithaca,Cornell oat pea intercroping with density treatments,CRD,,,,,,2024-May-03,,171,"Ithaca, NY - Snyder",202018,IL17-1253,17-1253,,subplot,717438,Cornell_OatPeaDensity_2024_Ithaca_35_subplot_1,1,1,35,7,5,test,,,,260.9,,,,,,,14.6,,,,4,4,39,25,42,20,20,69,83,83,,,110,,,,,1,,,,1,,,1,,,
2024,5055,Intercropping Cooperative,Oat breeding programs collaborating on oat intercropping trials,6722,Cornell_OatPeaDensity_2024_Ithaca,Cornell oat pea intercroping with density treatments,CRD,,,,,,2024-May-03,,171,"Ithaca, NY - Snyder",202018,IL17-1253,17-1253,,subplot,717439,Cornell_OatPeaDensity_2024_Ithaca_35_subplot_2,1,1,35,7,5,test,,,,,,,,,,,,,,,6,6,50,55,60,20,20,64,85,82,,,,,,,,1,,,,1,,,1,,,
2024,5055,Intercropping Cooperative,Oat breeding programs collaborating on oat intercropping trials,6722,Cornell_OatPeaDensity_2024_Ithaca,Cornell oat pea intercroping with density treatments,CRD,,,,,,2024-May-03,,171,"Ithaca, NY - Snyder",202018,IL17-1253,17-1253,,subplot,717440,Cornell_OatPeaDensity_2024_Ithaca_35_subplot_3,1,1,35,7,5,test,,,117.2,,,,,,,7.9,,,,,5,5,51,62,61,18,18,67,84,87,,77,,,,,,1,,,,1,,,1,,,
2024,5055,Intercropping Cooperative,Oat breeding programs collaborating on oat intercropping trials,6722,Cornell_OatPeaDensity_2024_Ithaca,Cornell oat pea intercroping with density treatments,CRD,,,,,,2024-May-03,,171,"Ithaca, NY - Snyder",703605,NO_OATS_PLANTED,,,plot,717322,Cornell_OatPeaDensity_2024_Ithaca_36,1,1,36,8,5,test,,,,,,7,2,0,,,,,51,13,,,,,,,,,,,,,,,,1,,,,,,1,,,1,,,
2024,5055,Intercropping Cooperative,Oat breeding programs collaborating on oat intercropping trials,6722,Cornell_OatPeaDensity_2024_Ithaca,Cornell oat pea intercroping with density treatments,CRD,,,,,,2024-May-03,,171,"Ithaca, NY - Snyder",703605,NO_OATS_PLANTED,,,subplot,717366,Cornell_OatPeaDensity_2024_Ithaca_36_subplot_1,1,1,36,8,5,test,,0,,,,,,,2.4,,,,,,4,4,36,60,47,0,0,0,0,79,6.8,,,,,1,,,,,,1,,,1,,,
2024,5055,Intercropping Cooperative,Oat breeding programs collaborating on oat intercropping trials,6722,Cornell_OatPeaDensity_2024_Ithaca,Cornell oat pea intercroping with density treatments,CRD,,,,,,2024-May-03,,171,"Ithaca, NY - Snyder",703605,NO_OATS_PLANTED,,,subplot,717367,Cornell_OatPeaDensity_2024_Ithaca_36_subplot_2,1,1,36,8,5,test,,,,,,,,,,,,,,,5,5,52,56,59,0,0,0,0,85,,,,,,1,,,,,,1,,,1,,,
2024,5055,Intercropping Cooperative,Oat breeding programs collaborating on oat intercropping trials,6722,Cornell_OatPeaDensity_2024_Ithaca,Cornell oat pea intercroping with density treatments,CRD,,,,,,2024-May-03,,171,"Ithaca, NY - Snyder",703605,NO_OATS_PLANTED,,,subplot,717368,Cornell_OatPeaDensity_2024_Ithaca_36_subplot_3,1,1,36,8,5,test,,,,0,,,,,,,13,,,,2,2,50,58,56,0,0,0,0,0,,,366.6,,,1,,,,,,1,,,1,,,
2024,5055,Intercropping Cooperative,Oat breeding programs collaborating on oat intercropping trials,6722,Cornell_OatPeaDensity_2024_Ithaca,Cornell oat pea intercroping with density treatments,CRD,,,,,,2024-May-03,,171,"Ithaca, NY - Snyder",202123,IL17-7339,17-7339,,plot,717338,Cornell_OatPeaDensity_2024_Ithaca_37,1,1,37,8,4,test,,,,,,56,16,2,,,,,19,6,,,,,,,,,,,,,,,,,1,,,,1,,,,1,,,
2024,5055,Intercropping Cooperative,Oat breeding programs collaborating on oat intercropping trials,6722,Cornell_OatPeaDensity_2024_Ithaca,Cornell oat pea intercroping with density treatments,CRD,,,,,,2024-May-03,,171,"Ithaca, NY - Snyder",202123,IL17-7339,17-7339,,subplot,717402,Cornell_OatPeaDensity_2024_Ithaca_37_subplot_1,1,1,37,8,4,test,,,,,153.2,,,,,,,25.6,,,2,2,54,50,55,21,21,63,66,66,,,,111.7,,,1,,,,1,,,,1,,,
2024,5055,Intercropping Cooperative,Oat breeding programs collaborating on oat intercropping trials,6722,Cornell_OatPeaDensity_2024_Ithaca,Cornell oat pea intercroping with density treatments,CRD,,,,,,2024-May-03,,171,"Ithaca, NY - Snyder",202123,IL17-7339,17-7339,,subplot,717403,Cornell_OatPeaDensity_2024_Ithaca_37_subplot_2,1,1,37,8,4,test,,,,,,,,,,,,,,,13,13,46,44,38,30,30,61,71,76,,,,,,,1,,,,1,,,,1,,,
2024,5055,Intercropping Cooperative,Oat breeding programs collaborating on oat intercropping trials,6722,Cornell_OatPeaDensity_2024_Ithaca,Cornell oat pea intercroping with density treatments,CRD,,,,,,2024-May-03,,171,"Ithaca, NY - Snyder",202123,IL17-7339,17-7339,,subplot,717404,Cornell_OatPeaDensity_2024_Ithaca_37_subplot_3,1,1,37,8,4,test,,50.5,,,,,,,10.5,,,,,,13,13,43,45,47,29,29,60,66,66,8.1,,,,,,1,,,,1,,,,1,,,
2024,5055,Intercropping Cooperative,Oat breeding programs collaborating on oat intercropping trials,6722,Cornell_OatPeaDensity_2024_Ithaca,Cornell oat pea intercroping with density treatments,CRD,,,,,,2024-May-03,,171,"Ithaca, NY - Snyder",531129,OT7100,,,plot,717350,Cornell_OatPeaDensity_2024_Ithaca_38,1,1,38,8,3,test,,,,,,181,57,6,,,,,1,0,,,,,,,,,,,,,,,,,1,,,1,,,,,,,,
2024,5055,Intercropping Cooperative,Oat breeding programs collaborating on oat intercropping trials,6722,Cornell_OatPeaDensity_2024_Ithaca,Cornell oat pea intercroping with density treatments,CRD,,,,,,2024-May-03,,171,"Ithaca, NY - Snyder",531129,OT7100,,,subplot,717435,Cornell_OatPeaDensity_2024_Ithaca_38_subplot_1,1,1,38,8,3,test,,,210.6,,,,,,,0,,,,,0,0,0,0,0,28,28,68,89,92,,40.4,,,,,1,,,1,,,,,,,,
2024,5055,Intercropping Cooperative,Oat breeding programs collaborating on oat intercropping trials,6722,Cornell_OatPeaDensity_2024_Ithaca,Cornell oat pea intercroping with density treatments,CRD,,,,,,2024-May-03,,171,"Ithaca, NY - Snyder",531129,OT7100,,,subplot,717436,Cornell_OatPeaDensity_2024_Ithaca_38_subplot_2,1,1,38,8,3,test,,,,,,,,,,,,,,,0,0,0,0,0,26,26,61,91,95,,,,,,,1,,,1,,,,,,,,
2024,5055,Intercropping Cooperative,Oat breeding programs collaborating on oat intercropping trials,6722,Cornell_OatPeaDensity_2024_Ithaca,Cornell oat pea intercroping with density treatments,CRD,,,,,,2024-May-03,,171,"Ithaca, NY - Snyder",531129,OT7100,,,subplot,717437,Cornell_OatPeaDensity_2024_Ithaca_38_subplot_3,1,1,38,8,3,test,,,,233.6,,,,,,,0,,,,0,0,0,0,0,15,15,65,100,98,,,102.4,,,,1,,,1,,,,,,,,
2024,5055,Intercropping Cooperative,Oat breeding programs collaborating on oat intercropping trials,6722,Cornell_OatPeaDensity_2024_Ithaca,Cornell oat pea intercroping with density treatments,CRD,,,,,,2024-May-03,,171,"Ithaca, NY - Snyder",202123,IL17-7339,17-7339,,plot,717346,Cornell_OatPeaDensity_2024_Ithaca_39,1,1,39,8,2,test,,,,,,79,21,1,,,,,15,4,,,,,,,,,,,,,,,,,1,,,,,1,,1,,,,
2024,5055,Intercropping Cooperative,Oat breeding programs collaborating on oat intercropping trials,6722,Cornell_OatPeaDensity_2024_Ithaca,Cornell oat pea intercroping with density treatments,CRD,,,,,,2024-May-03,,171,"Ithaca, NY - Snyder",202123,IL17-7339,17-7339,,subplot,717426,Cornell_OatPeaDensity_2024_Ithaca_39_subplot_1,1,1,39,8,2,test,,25.2,,,,,,,3,,,,,,3,3,67,70,65,14,14,54,68,72,8.3,,,,,,1,,,,,1,,1,,,,
2024,5055,Intercropping Cooperative,Oat breeding programs collaborating on oat intercropping trials,6722,Cornell_OatPeaDensity_2024_Ithaca,Cornell oat pea intercroping with density treatments,CRD,,,,,,2024-May-03,,171,"Ithaca, NY - Snyder",202123,IL17-7339,17-7339,,subplot,717427,Cornell_OatPeaDensity_2024_Ithaca_39_subplot_2,1,1,39,8,2,test,,,,,,,,,,,,,,,3,3,42,60,64,25,25,59,65,90,,,,,,,1,,,,,1,,1,,,,
2024,5055,Intercropping Cooperative,Oat breeding programs collaborating on oat intercropping trials,6722,Cornell_OatPeaDensity_2024_Ithaca,Cornell oat pea intercroping with density treatments,CRD,,,,,,2024-May-03,,171,"Ithaca, NY - Snyder",202123,IL17-7339,17-7339,,subplot,717428,Cornell_OatPeaDensity_2024_Ithaca_39_subplot_3,1,1,39,8,2,test,,,,253.3,,,,,,,14.9,,,,9,9,50,57,58,34,34,62,66,61,,,19.1,,,,1,,,,,1,,1,,,,
2024,5055,Intercropping Cooperative,Oat breeding programs collaborating on oat intercropping trials,6722,Cornell_OatPeaDensity_2024_Ithaca,Cornell oat pea intercroping with density treatments,CRD,,,,,,2024-May-03,,171,"Ithaca, NY - Snyder",202018,IL17-1253,17-1253,,subplot,717360,Cornell_OatPeaDensity_2024_Ithaca_3_subplot_1,1,1,3,1,3,test,,,,480.8,,,,,,,9.9,,,,2,2,61,43,56,21,21,79,91,102,,,132.6,,,,1,,,,,1,,,1,,,
2024,5055,Intercropping Cooperative,Oat breeding programs collaborating on oat intercropping trials,6722,Cornell_OatPeaDensity_2024_Ithaca,Cornell oat pea intercroping with density treatments,CRD,,,,,,2024-May-03,,171,"Ithaca, NY - Snyder",202018,IL17-1253,17-1253,,subplot,717361,Cornell_OatPeaDensity_2024_Ithaca_3_subplot_2,1,1,3,1,3,test,,,,,,,,,,,,,,,7,7,72,67,57,27,27,79,97,105,,,,,,,1,,,,,1,,,1,,,
2024,5055,Intercropping Cooperative,Oat breeding programs collaborating on oat intercropping trials,6722,Cornell_OatPeaDensity_2024_Ithaca,Cornell oat pea intercroping with density treatments,CRD,,,,,,2024-May-03,,171,"Ithaca, NY - Snyder",202018,IL17-1253,17-1253,,subplot,717362,Cornell_OatPeaDensity_2024_Ithaca_3_subplot_3,1,1,3,1,3,test,,,309.4,,,,,,,,,,,,1,1,65,64,68,18,18,85,89,96,,88.5,,,,,1,,,,,1,,,1,,,
2024,5055,Intercropping Cooperative,Oat breeding programs collaborating on oat intercropping trials,6722,Cornell_OatPeaDensity_2024_Ithaca,Cornell oat pea intercroping with density treatments,CRD,,,,,,2024-May-03,,171,"Ithaca, NY - Snyder",531129,OT7100,,,plot,717336,Cornell_OatPeaDensity_2024_Ithaca_4,1,1,4,1,4,test,,,,,,77,25,3,,,,,35,11,,,,,,,,,,,,,,,,,1,,,,1,,,,1,,,
2024,5055,Intercropping Cooperative,Oat breeding programs collaborating on oat intercropping trials,6722,Cornell_OatPeaDensity_2024_Ithaca,Cornell oat pea intercroping with density treatments,CRD,,,,,,2024-May-03,,171,"Ithaca, NY - Snyder",202018,IL17-1253,17-1253,,plot,717345,Cornell_OatPeaDensity_2024_Ithaca_40,1,1,40,8,1,test,,,,,,101,30,0,,,,,43,13,,,,,,,,,,,,,,,,,,1,,,1,,,,1,,,
2024,5055,Intercropping Cooperative,Oat breeding programs collaborating on oat intercropping trials,6722,Cornell_OatPeaDensity_2024_Ithaca,Cornell oat pea intercroping with density treatments,CRD,,,,,,2024-May-03,,171,"Ithaca, NY - Snyder",202018,IL17-1253,17-1253,,subplot,717432,Cornell_OatPeaDensity_2024_Ithaca_40_subplot_1,1,1,40,8,1,test,,,,312.6,,,,,,,32.2,,,,8,8,46,42,56,16,16,64,83,82,,,62.5,,,,,1,,,1,,,,1,,,
2024,5055,Intercropping Cooperative,Oat breeding programs collaborating on oat intercropping trials,6722,Cornell_OatPeaDensity_2024_Ithaca,Cornell oat pea intercroping with density treatments,CRD,,,,,,2024-May-03,,171,"Ithaca, NY - Snyder",202018,IL17-1253,17-1253,,subplot,717433,Cornell_OatPeaDensity_2024_Ithaca_40_subplot_2,1,1,40,8,1,test,,,,,,,,,,,,,,,7,7,49,54,56,12,12,66,82,82,,,,,,,,1,,,1,,,,1,,,
2024,5055,Intercropping Cooperative,Oat breeding programs collaborating on oat intercropping trials,6722,Cornell_OatPeaDensity_2024_Ithaca,Cornell oat pea intercroping with density treatments,CRD,,,,,,2024-May-03,,171,"Ithaca, NY - Snyder",202018,IL17-1253,17-1253,,subplot,717434,Cornell_OatPeaDensity_2024_Ithaca_40_subplot_3,1,1,40,8,1,test,,,171.2,,,,,,,71.8,,,,,12,12,47,59,65,11,11,67,81,81,,35.8,,,,,,1,,,1,,,,1,,,
2024,5055,Intercropping Cooperative,Oat breeding programs collaborating on oat intercropping trials,6722,Cornell_OatPeaDensity_2024_Ithaca,Cornell oat pea intercroping with density treatments,CRD,,,,,,2024-May-03,,171,"Ithaca, NY - Snyder",202018,IL17-1253,17-1253,,plot,717313,Cornell_OatPeaDensity_2024_Ithaca_41,1,1,41,9,1,test,,,,,,165,46,4,,,,,30,8,,,,,,,,,,,,,,,,,,1,,,1,,,1,,,,
2024,5055,Intercropping Cooperative,Oat breeding programs collaborating on oat intercropping trials,6722,Cornell_OatPeaDensity_2024_Ithaca,Cornell oat pea intercroping with density treatments,CRD,,,,,,2024-May-03,,171,"Ithaca, NY - Snyder",202018,IL17-1253,17-1253,,subplot,717483,Cornell_OatPeaDensity_2024_Ithaca_41_subplot_1,1,1,41,9,1,test,,,,286.9,,,,,,,81.5,,,,7,7,63,80,78,22,22,64,87,85,,,60.2,,,,,1,,,1,,,1,,,,
2024,5055,Intercropping Cooperative,Oat breeding programs collaborating on oat intercropping trials,6722,Cornell_OatPeaDensity_2024_Ithaca,Cornell oat pea intercroping with density treatments,CRD,,,,,,2024-May-03,,171,"Ithaca, NY - Snyder",202018,IL17-1253,17-1253,,subplot,717484,Cornell_OatPeaDensity_2024_Ithaca_41_subplot_2,1,1,41,9,1,test,,,,,,,,,,,,,,,11,11,66,76,72,32,32,76,92,86,,,,,,,,1,,,1,,,1,,,,
2024,5055,Intercropping Cooperative,Oat breeding programs collaborating on oat intercropping trials,6722,Cornell_OatPeaDensity_2024_Ithaca,Cornell oat pea intercroping with density treatments,CRD,,,,,,2024-May-03,,171,"Ithaca, NY - Snyder",202018,IL17-1253,17-1253,,subplot,717485,Cornell_OatPeaDensity_2024_Ithaca_41_subplot_3,1,1,41,9,1,test,,13.7,,,,,,,4.3,,,,,,2,2,64,85,84,12,12,71,88,87,9.4,,,,,,,1,,,1,,,1,,,,
2024,5055,Intercropping Cooperative,Oat breeding programs collaborating on oat intercropping trials,6722,Cornell_OatPeaDensity_2024_Ithaca,Cornell oat pea intercroping with density treatments,CRD,,,,,,2024-May-03,,171,"Ithaca, NY - Snyder",703605,NO_OATS_PLANTED,,,plot,717300,Cornell_OatPeaDensity_2024_Ithaca_42,1,1,42,9,2,test,,,,,,1,0,0,,,,,15,6,,,,,,,,,,,,,,,,1,,,,,,1,,,1,,,
2024,5055,Intercropping Cooperative,Oat breeding programs collaborating on oat intercropping trials,6722,Cornell_OatPeaDensity_2024_Ithaca,Cornell oat pea intercroping with density treatments,CRD,,,,,,2024-May-03,,171,"Ithaca, NY - Snyder",703605,NO_OATS_PLANTED,,,subplot,717447,Cornell_OatPeaDensity_2024_Ithaca_42_subplot_1,1,1,42,9,2,test,,,0,,,,,,,26.7,,,,,3,3,52,75,63,0,0,53,0,0,,181.9,,,,1,,,,,,1,,,1,,,
2024,5055,Intercropping Cooperative,Oat breeding programs collaborating on oat intercropping trials,6722,Cornell_OatPeaDensity_2024_Ithaca,Cornell oat pea intercroping with density treatments,CRD,,,,,,2024-May-03,,171,"Ithaca, NY - Snyder",703605,NO_OATS_PLANTED,,,subplot,717448,Cornell_OatPeaDensity_2024_Ithaca_42_subplot_2,1,1,42,9,2,test,,,,,,,,,,,,,,,4,4,64,72,60,0,0,52,0,0,,,,,,1,,,,,,1,,,1,,,
2024,5055,Intercropping Cooperative,Oat breeding programs collaborating on oat intercropping trials,6722,Cornell_OatPeaDensity_2024_Ithaca,Cornell oat pea intercroping with density treatments,CRD,,,,,,2024-May-03,,171,"Ithaca, NY - Snyder",703605,NO_OATS_PLANTED,,,subplot,717449,Cornell_OatPeaDensity_2024_Ithaca_42_subplot_3,1,1,42,9,2,test,,,,,0,,,,,,,52.9,,,5,5,69,66,63,0,0,44,0,0,,,,410.6,,1,,,,,,1,,,1,,,
2024,5055,Intercropping Cooperative,Oat breeding programs collaborating on oat intercropping trials,6722,Cornell_OatPeaDensity_2024_Ithaca,Cornell oat pea intercroping with density treatments,CRD,,,,,,2024-May-03,,171,"Ithaca, NY - Snyder",526536,ND180256,,,plot,717314,Cornell_OatPeaDensity_2024_Ithaca_43,1,1,43,9,3,test,,,,,,97,28,0,,,,,1,0,,,,,,,,,,,,,,,,,,1,,1,,,,,,,,
2024,5055,Intercropping Cooperative,Oat breeding programs collaborating on oat intercropping trials,6722,Cornell_OatPeaDensity_2024_Ithaca,Cornell oat pea intercroping with density treatments,CRD,,,,,,2024-May-03,,171,"Ithaca, NY - Snyder",526536,ND180256,,,subplot,717492,Cornell_OatPeaDensity_2024_Ithaca_43_subplot_1,1,1,43,9,3,test,,15.2,,,,,,,0,,,,,,0,0,0,0,0,9,9,84,116,110,7,,,,,,,1,,1,,,,,,,,
2024,5055,Intercropping Cooperative,Oat breeding programs collaborating on oat intercropping trials,6722,Cornell_OatPeaDensity_2024_Ithaca,Cornell oat pea intercroping with density treatments,CRD,,,,,,2024-May-03,,171,"Ithaca, NY - Snyder",526536,ND180256,,,subplot,717493,Cornell_OatPeaDensity_2024_Ithaca_43_subplot_2,1,1,43,9,3,test,,,,,,,,,,,,,,,0,0,0,0,0,20,20,79,111,114,,,,,,,,1,,1,,,,,,,,
2024,5055,Intercropping Cooperative,Oat breeding programs collaborating on oat intercropping trials,6722,Cornell_OatPeaDensity_2024_Ithaca,Cornell oat pea intercroping with density treatments,CRD,,,,,,2024-May-03,,171,"Ithaca, NY - Snyder",526536,ND180256,,,subplot,717494,Cornell_OatPeaDensity_2024_Ithaca_43_subplot_3,1,1,43,9,3,test,,,,,271,,,,,,,0,,,0,0,0,0,0,19,19,79,114,113,,,,131.7,,,,1,,1,,,,,,,,
2024,5055,Intercropping Cooperative,Oat breeding programs collaborating on oat intercropping trials,6722,Cornell_OatPeaDensity_2024_Ithaca,Cornell oat pea intercroping with density treatments,CRD,,,,,,2024-May-03,,171,"Ithaca, NY - Snyder",531129,OT7100,,,plot,717304,Cornell_OatPeaDensity_2024_Ithaca_44,1,1,44,9,4,test,,,,,,62,21,4,,,,,0,0,,,,,,,,,,,,,,,,,,1,,1,,,,,,,,
2024,5055,Intercropping Cooperative,Oat breeding programs collaborating on oat intercropping trials,6722,Cornell_OatPeaDensity_2024_Ithaca,Cornell oat pea intercroping with density treatments,CRD,,,,,,2024-May-03,,171,"Ithaca, NY - Snyder",531129,OT7100,,,subplot,717462,Cornell_OatPeaDensity_2024_Ithaca_44_subplot_1,1,1,44,9,4,test,,,179.9,,,,,,,0,,,,,0,0,0,30,0,7,7,74,105,105,,82.5,,,,,,1,,1,,,,,,,,
2024,5055,Intercropping Cooperative,Oat breeding programs collaborating on oat intercropping trials,6722,Cornell_OatPeaDensity_2024_Ithaca,Cornell oat pea intercroping with density treatments,CRD,,,,,,2024-May-03,,171,"Ithaca, NY - Snyder",531129,OT7100,,,subplot,717463,Cornell_OatPeaDensity_2024_Ithaca_44_subplot_2,1,1,44,9,4,test,,,,,,,,,,,,,,,0,0,0,0,0,15,15,81,94,104,,,,,,,,1,,1,,,,,,,,
2024,5055,Intercropping Cooperative,Oat breeding programs collaborating on oat intercropping trials,6722,Cornell_OatPeaDensity_2024_Ithaca,Cornell oat pea intercroping with density treatments,CRD,,,,,,2024-May-03,,171,"Ithaca, NY - Snyder",531129,OT7100,,,subplot,717464,Cornell_OatPeaDensity_2024_Ithaca_44_subplot_3,1,1,44,9,4,test,,,,317.8,,,,,,,0,,,,0,0,0,0,0,14,14,72,98,98,,,122.6,,,,,1,,1,,,,,,,,
2024,5055,Intercropping Cooperative,Oat breeding programs collaborating on oat intercropping trials,6722,Cornell_OatPeaDensity_2024_Ithaca,Cornell oat pea intercroping with density treatments,CRD,,,,,,2024-May-03,,171,"Ithaca, NY - Snyder",202123,IL17-7339,17-7339,,plot,717328,Cornell_OatPeaDensity_2024_Ithaca_45,1,1,45,9,5,test,,,,,,85,26,3,,,,,3,1,,,,,,,,,,,,,,,,,1,,,1,,,,,,,,
2024,5055,Intercropping Cooperative,Oat breeding programs collaborating on oat intercropping trials,6722,Cornell_OatPeaDensity_2024_Ithaca,Cornell oat pea intercroping with density treatments,CRD,,,,,,2024-May-03,,171,"Ithaca, NY - Snyder",202123,IL17-7339,17-7339,,subplot,717372,Cornell_OatPeaDensity_2024_Ithaca_45_subplot_1,1,1,45,9,5,test,,,,,241.7,,,,,,,0,,,0,0,0,0,0,28,28,64,82,84,,,,84.4,,,1,,,1,,,,,,,,
2024,5055,Intercropping Cooperative,Oat breeding programs collaborating on oat intercropping trials,6722,Cornell_OatPeaDensity_2024_Ithaca,Cornell oat pea intercroping with density treatments,CRD,,,,,,2024-May-03,,171,"Ithaca, NY - Snyder",202123,IL17-7339,17-7339,,subplot,717373,Cornell_OatPeaDensity_2024_Ithaca_45_subplot_2,1,1,45,9,5,test,,,,,,,,,,,,,,,0,0,0,0,0,38,38,71,79,87,,,,,,,1,,,1,,,,,,,,
2024,5055,Intercropping Cooperative,Oat breeding programs collaborating on oat intercropping trials,6722,Cornell_OatPeaDensity_2024_Ithaca,Cornell oat pea intercroping with density treatments,CRD,,,,,,2024-May-03,,171,"Ithaca, NY - Snyder",202123,IL17-7339,17-7339,,subplot,717374,Cornell_OatPeaDensity_2024_Ithaca_45_subplot_3,1,1,45,9,5,test,,32.9,,,,,,,0,,,,,,0,0,0,0,0,17,17,62,78,73,9.9,,,,,,1,,,1,,,,,,,,
2024,5055,Intercropping Cooperative,Oat breeding programs collaborating on oat intercropping trials,6722,Cornell_OatPeaDensity_2024_Ithaca,Cornell oat pea intercroping with density treatments,CRD,,,,,,2024-May-03,,171,"Ithaca, NY - Snyder",202018,IL17-1253,17-1253,,plot,717341,Cornell_OatPeaDensity_2024_Ithaca_46,1,1,46,9,6,test,,,,,,135,29,0,,,,,0,0,,,,,,,,,,,,,,,,,,1,,1,,,,,,,,
2024,5055,Intercropping Cooperative,Oat breeding programs collaborating on oat intercropping trials,6722,Cornell_OatPeaDensity_2024_Ithaca,Cornell oat pea intercroping with density treatments,CRD,,,,,,2024-May-03,,171,"Ithaca, NY - Snyder",202018,IL17-1253,17-1253,,subplot,717411,Cornell_OatPeaDensity_2024_Ithaca_46_subplot_1,1,1,46,9,6,test,,,,202.2,,,,,,,28.5,,,,0,0,0,0,0,22,22,73,84,86,,,154.3,,,,,1,,1,,,,,,,,
2024,5055,Intercropping Cooperative,Oat breeding programs collaborating on oat intercropping trials,6722,Cornell_OatPeaDensity_2024_Ithaca,Cornell oat pea intercroping with density treatments,CRD,,,,,,2024-May-03,,171,"Ithaca, NY - Snyder",202018,IL17-1253,17-1253,,subplot,717412,Cornell_OatPeaDensity_2024_Ithaca_46_subplot_2,1,1,46,9,6,test,,,,,,,,,,,,,,,0,0,0,0,0,12,12,79,94,98,,,,,,,,1,,1,,,,,,,,
2024,5055,Intercropping Cooperative,Oat breeding programs collaborating on oat intercropping trials,6722,Cornell_OatPeaDensity_2024_Ithaca,Cornell oat pea intercroping with density treatments,CRD,,,,,,2024-May-03,,171,"Ithaca, NY - Snyder",202018,IL17-1253,17-1253,,subplot,717413,Cornell_OatPeaDensity_2024_Ithaca_46_subplot_3,1,1,46,9,6,test,,,282.5,,,,,,,0,,,,,0,0,0,0,0,20,20,72,87,99,,,,,,,,1,,1,,,,,,,,
2024,5055,Intercropping Cooperative,Oat breeding programs collaborating on oat intercropping trials,6722,Cornell_OatPeaDensity_2024_Ithaca,Cornell oat pea intercroping with density treatments,CRD,,,,,,2024-May-03,,171,"Ithaca, NY - Snyder",526536,ND180256,,,plot,717321,Cornell_OatPeaDensity_2024_Ithaca_47,1,1,47,10,6,test,,,,,,92,26,1,,,,,23,7,,,,,,,,,,,,,,,,,1,,,,,1,,1,,,,
2024,5055,Intercropping Cooperative,Oat breeding programs collaborating on oat intercropping trials,6722,Cornell_OatPeaDensity_2024_Ithaca,Cornell oat pea intercroping with density treatments,CRD,,,,,,2024-May-03,,171,"Ithaca, NY - Snyder",526536,ND180256,,,subplot,717363,Cornell_OatPeaDensity_2024_Ithaca_47_subplot_1,1,1,47,10,6,test,,,258.4,,,,,,,5.6,,,,,4,4,38,105,73,15,15,85,116,111,,41.5,,,,,1,,,,,1,,1,,,,
2024,5055,Intercropping Cooperative,Oat breeding programs collaborating on oat intercropping trials,6722,Cornell_OatPeaDensity_2024_Ithaca,Cornell oat pea intercroping with density treatments,CRD,,,,,,2024-May-03,,171,"Ithaca, NY - Snyder",526536,ND180256,,,subplot,717364,Cornell_OatPeaDensity_2024_Ithaca_47_subplot_2,1,1,47,10,6,test,,,,,,,,,,,,,,,7,7,66,80,80,26,26,84,112,115,,,,,,,1,,,,,1,,1,,,,
2024,5055,Intercropping Cooperative,Oat breeding programs collaborating on oat intercropping trials,6722,Cornell_OatPeaDensity_2024_Ithaca,Cornell oat pea intercroping with density treatments,CRD,,,,,,2024-May-03,,171,"Ithaca, NY - Snyder",526536,ND180256,,,subplot,717365,Cornell_OatPeaDensity_2024_Ithaca_47_subplot_3,1,1,47,10,6,test,,,,,280.5,,,,,,,5.3,,,6,6,66,70,58,28,28,77,105,106,,,,29.1,,,1,,,,,1,,1,,,,
2024,5055,Intercropping Cooperative,Oat breeding programs collaborating on oat intercropping trials,6722,Cornell_OatPeaDensity_2024_Ithaca,Cornell oat pea intercroping with density treatments,CRD,,,,,,2024-May-03,,171,"Ithaca, NY - Snyder",202123,IL17-7339,17-7339,,plot,717329,Cornell_OatPeaDensity_2024_Ithaca_48,1,1,48,10,5,test,,,,,,53,16,0,,,,,17,5,,,,,,,,,,,,,,,,,,1,,,,1,,,1,,,
2024,5055,Intercropping Cooperative,Oat breeding programs collaborating on oat intercropping trials,6722,Cornell_OatPeaDensity_2024_Ithaca,Cornell oat pea intercroping with density treatments,CRD,,,,,,2024-May-03,,171,"Ithaca, NY - Snyder",202123,IL17-7339,17-7339,,subplot,717375,Cornell_OatPeaDensity_2024_Ithaca_48_subplot_1,1,1,48,10,5,test,,,234.3,,,,,,,12.1,,,,,8,8,39,41,52,24,24,66,81,84,,63.9,,,,,,1,,,,1,,,1,,,
2024,5055,Intercropping Cooperative,Oat breeding programs collaborating on oat intercropping trials,6722,Cornell_OatPeaDensity_2024_Ithaca,Cornell oat pea intercroping with density treatments,CRD,,,,,,2024-May-03,,171,"Ithaca, NY - Snyder",202123,IL17-7339,17-7339,,subplot,717376,Cornell_OatPeaDensity_2024_Ithaca_48_subplot_2,1,1,48,10,5,test,,,,,,,,,,,,,,,6,6,43,51,58,13,13,65,82,84,,,,,,,,1,,,,1,,,1,,,
2024,5055,Intercropping Cooperative,Oat breeding programs collaborating on oat intercropping trials,6722,Cornell_OatPeaDensity_2024_Ithaca,Cornell oat pea intercroping with density treatments,CRD,,,,,,2024-May-03,,171,"Ithaca, NY - Snyder",202123,IL17-7339,17-7339,,subplot,717377,Cornell_OatPeaDensity_2024_Ithaca_48_subplot_3,1,1,48,10,5,test,,,,,149.9,,,,,,,5.9,,,2,2,48,36,52,16,16,69,75,76,,,,93.4,,,,1,,,,1,,,1,,,
2024,5055,Intercropping Cooperative,Oat breeding programs collaborating on oat intercropping trials,6722,Cornell_OatPeaDensity_2024_Ithaca,Cornell oat pea intercroping with density treatments,CRD,,,,,,2024-May-03,,171,"Ithaca, NY - Snyder",526536,ND180256,,,plot,717331,Cornell_OatPeaDensity_2024_Ithaca_49,1,1,49,10,4,test,,,,,,41,11,1,,,,,13,4,,,,,,,,,,,,,,,,,,1,,,1,,,1,,,,
2024,5055,Intercropping Cooperative,Oat breeding programs collaborating on oat intercropping trials,6722,Cornell_OatPeaDensity_2024_Ithaca,Cornell oat pea intercroping with density treatments,CRD,,,,,,2024-May-03,,171,"Ithaca, NY - Snyder",526536,ND180256,,,subplot,717393,Cornell_OatPeaDensity_2024_Ithaca_49_subplot_1,1,1,49,10,4,test,,,,,212.9,,,,,,,35,,,5,5,75,90,80,5,5,84,114,110,,,,137.3,,,,1,,,1,,,1,,,,
2024,5055,Intercropping Cooperative,Oat breeding programs collaborating on oat intercropping trials,6722,Cornell_OatPeaDensity_2024_Ithaca,Cornell oat pea intercroping with density treatments,CRD,,,,,,2024-May-03,,171,"Ithaca, NY - Snyder",526536,ND180256,,,subplot,717394,Cornell_OatPeaDensity_2024_Ithaca_49_subplot_2,1,1,49,10,4,test,,,,,,,,,,,,,,,9,9,67,86,85,6,6,82,114,116,,,,,,,,1,,,1,,,1,,,,
2024,5055,Intercropping Cooperative,Oat breeding programs collaborating on oat intercropping trials,6722,Cornell_OatPeaDensity_2024_Ithaca,Cornell oat pea intercroping with density treatments,CRD,,,,,,2024-May-03,,171,"Ithaca, NY - Snyder",526536,ND180256,,,subplot,717395,Cornell_OatPeaDensity_2024_Ithaca_49_subplot_3,1,1,49,10,4,test,,,213.7,,,,,,,28.6,,,,,7,7,67,84,79,17,17,76,111,115,,18,,,,,,1,,,1,,,1,,,,
2024,5055,Intercropping Cooperative,Oat breeding programs collaborating on oat intercropping trials,6722,Cornell_OatPeaDensity_2024_Ithaca,Cornell oat pea intercroping with density treatments,CRD,,,,,,2024-May-03,,171,"Ithaca, NY - Snyder",531129,OT7100,,,subplot,717414,Cornell_OatPeaDensity_2024_Ithaca_4_subplot_1,1,1,4,1,4,test,,25.1,,,,,,,3.7,,,,,,1,1,76,44,59,6,6,76,105,102,30.1,,,,,,1,,,,1,,,,1,,,
2024,5055,Intercropping Cooperative,Oat breeding programs collaborating on oat intercropping trials,6722,Cornell_OatPeaDensity_2024_Ithaca,Cornell oat pea intercroping with density treatments,CRD,,,,,,2024-May-03,,171,"Ithaca, NY - Snyder",531129,OT7100,,,subplot,717415,Cornell_OatPeaDensity_2024_Ithaca_4_subplot_2,1,1,4,1,4,test,,,,,,,,,,,,,,,4,4,74,60,68,13,13,80,106,102,,,,,,,1,,,,1,,,,1,,,
2024,5055,Intercropping Cooperative,Oat breeding programs collaborating on oat intercropping trials,6722,Cornell_OatPeaDensity_2024_Ithaca,Cornell oat pea intercroping with density treatments,CRD,,,,,,2024-May-03,,171,"Ithaca, NY - Snyder",531129,OT7100,,,subplot,717416,Cornell_OatPeaDensity_2024_Ithaca_4_subplot_3,1,1,4,1,4,test,,,,,319.6,,,,,,,34.9,,,12,12,68,45,73,31,31,81,107,110,,,,72.8,,,1,,,,1,,,,1,,,
2024,5055,Intercropping Cooperative,Oat breeding programs collaborating on oat intercropping trials,6722,Cornell_OatPeaDensity_2024_Ithaca,Cornell oat pea intercroping with density treatments,CRD,,,,,,2024-May-03,,171,"Ithaca, NY - Snyder",526536,ND180256,,,plot,717324,Cornell_OatPeaDensity_2024_Ithaca_5,1,1,5,1,5,test,,,,,,184,60,3,,,,,16,5,,,,,,,,,,,,,,,,,,1,,,1,,,,1,,,
2024,5055,Intercropping Cooperative,Oat breeding programs collaborating on oat intercropping trials,6722,Cornell_OatPeaDensity_2024_Ithaca,Cornell oat pea intercroping with density treatments,CRD,,,,,,2024-May-03,,171,"Ithaca, NY - Snyder",531129,OT7100,,,plot,717335,Cornell_OatPeaDensity_2024_Ithaca_50,1,1,50,10,3,test,,,,,,86,27,6,,,,,25,8,,,,,,,,,,,,,,,,,,1,,,,1,,1,,,,
2024,5055,Intercropping Cooperative,Oat breeding programs collaborating on oat intercropping trials,6722,Cornell_OatPeaDensity_2024_Ithaca,Cornell oat pea intercroping with density treatments,CRD,,,,,,2024-May-03,,171,"Ithaca, NY - Snyder",531129,OT7100,,,subplot,717390,Cornell_OatPeaDensity_2024_Ithaca_50_subplot_1,1,1,50,10,3,test,,25.6,,,,,,,4.5,,,,,,7,7,57,82,84,14,14,62,96,93,10.5,,,,,,,1,,,,1,,1,,,,
2024,5055,Intercropping Cooperative,Oat breeding programs collaborating on oat intercropping trials,6722,Cornell_OatPeaDensity_2024_Ithaca,Cornell oat pea intercroping with density treatments,CRD,,,,,,2024-May-03,,171,"Ithaca, NY - Snyder",531129,OT7100,,,subplot,717391,Cornell_OatPeaDensity_2024_Ithaca_50_subplot_2,1,1,50,10,3,test,,,,,,,,,,,,,,,4,4,52,75,83,17,17,67,101,98,,,,,,,,1,,,,1,,1,,,,
2024,5055,Intercropping Cooperative,Oat breeding programs collaborating on oat intercropping trials,6722,Cornell_OatPeaDensity_2024_Ithaca,Cornell oat pea intercroping with density treatments,CRD,,,,,,2024-May-03,,171,"Ithaca, NY - Snyder",531129,OT7100,,,subplot,717392,Cornell_OatPeaDensity_2024_Ithaca_50_subplot_3,1,1,50,10,3,test,,,,,151.4,,,,,,,4.2,,,2,2,53,74,74,9,9,59,103,103,,,,204.7,,,,1,,,,1,,1,,,,
2024,5055,Intercropping Cooperative,Oat breeding programs collaborating on oat intercropping trials,6722,Cornell_OatPeaDensity_2024_Ithaca,Cornell oat pea intercroping with density treatments,CRD,,,,,,2024-May-03,,171,"Ithaca, NY - Snyder",202018,IL17-1253,17-1253,,plot,717302,Cornell_OatPeaDensity_2024_Ithaca_51,1,1,51,10,2,test,,,,,,179,53,2,,,,,12,4,,,,,,,,,,,,,,,,,,1,,,,1,,1,,,,
2024,5055,Intercropping Cooperative,Oat breeding programs collaborating on oat intercropping trials,6722,Cornell_OatPeaDensity_2024_Ithaca,Cornell oat pea intercroping with density treatments,CRD,,,,,,2024-May-03,,171,"Ithaca, NY - Snyder",202018,IL17-1253,17-1253,,subplot,717453,Cornell_OatPeaDensity_2024_Ithaca_51_subplot_1,1,1,51,10,2,test,,,194.3,,,,,,,14.4,,,,,1,1,53,90,94,10,10,66,90,91,,85.7,,,,,,1,,,,1,,1,,,,
2024,5055,Intercropping Cooperative,Oat breeding programs collaborating on oat intercropping trials,6722,Cornell_OatPeaDensity_2024_Ithaca,Cornell oat pea intercroping with density treatments,CRD,,,,,,2024-May-03,,171,"Ithaca, NY - Snyder",202018,IL17-1253,17-1253,,subplot,717454,Cornell_OatPeaDensity_2024_Ithaca_51_subplot_2,1,1,51,10,2,test,,,,,,,,,,,,,,,7,7,44,75,78,18,18,69,83,82,,,,,,,,1,,,,1,,1,,,,
2024,5055,Intercropping Cooperative,Oat breeding programs collaborating on oat intercropping trials,6722,Cornell_OatPeaDensity_2024_Ithaca,Cornell oat pea intercroping with density treatments,CRD,,,,,,2024-May-03,,171,"Ithaca, NY - Snyder",202018,IL17-1253,17-1253,,subplot,717455,Cornell_OatPeaDensity_2024_Ithaca_51_subplot_3,1,1,51,10,2,test,,,,350,,,,,,,18.7,,,,4,4,53,74,71,16,16,69,85,86,,,68.7,,,,,1,,,,1,,1,,,,
2024,5055,Intercropping Cooperative,Oat breeding programs collaborating on oat intercropping trials,6722,Cornell_OatPeaDensity_2024_Ithaca,Cornell oat pea intercroping with density treatments,CRD,,,,,,2024-May-03,,171,"Ithaca, NY - Snyder",526536,ND180256,,,plot,717311,Cornell_OatPeaDensity_2024_Ithaca_52,1,1,52,10,1,test,,,,,,247,81,2,,,,,1,0,,,,,,,,,,,,,,,,,1,,,1,,,,,,,,
2024,5055,Intercropping Cooperative,Oat breeding programs collaborating on oat intercropping trials,6722,Cornell_OatPeaDensity_2024_Ithaca,Cornell oat pea intercroping with density treatments,CRD,,,,,,2024-May-03,,171,"Ithaca, NY - Snyder",526536,ND180256,,,subplot,717480,Cornell_OatPeaDensity_2024_Ithaca_52_subplot_1,1,1,52,10,1,test,,28.1,,,,,,,0,,,,,,0,0,0,0,0,28,28,80,105,108,10.8,,,,,,1,,,1,,,,,,,,
2024,5055,Intercropping Cooperative,Oat breeding programs collaborating on oat intercropping trials,6722,Cornell_OatPeaDensity_2024_Ithaca,Cornell oat pea intercroping with density treatments,CRD,,,,,,2024-May-03,,171,"Ithaca, NY - Snyder",526536,ND180256,,,subplot,717481,Cornell_OatPeaDensity_2024_Ithaca_52_subplot_2,1,1,52,10,1,test,,,,,,,,,,,,,,,0,0,0,0,0,20,20,77,103,104,,,,,,,1,,,1,,,,,,,,
2024,5055,Intercropping Cooperative,Oat breeding programs collaborating on oat intercropping trials,6722,Cornell_OatPeaDensity_2024_Ithaca,Cornell oat pea intercroping with density treatments,CRD,,,,,,2024-May-03,,171,"Ithaca, NY - Snyder",526536,ND180256,,,subplot,717482,Cornell_OatPeaDensity_2024_Ithaca_52_subplot_3,1,1,52,10,1,test,,,,,246.6,,,,,,,0,,,0,0,0,0,0,21,21,77,112,115,,,,121.1,,,1,,,1,,,,,,,,
2024,5055,Intercropping Cooperative,Oat breeding programs collaborating on oat intercropping trials,6722,Cornell_OatPeaDensity_2024_Ithaca,Cornell oat pea intercroping with density treatments,CRD,,,,,,2024-May-03,,171,"Ithaca, NY - Snyder",526536,ND180256,,,subplot,717357,Cornell_OatPeaDensity_2024_Ithaca_5_subplot_1,1,1,5,1,5,test,,,,,266.1,,,,,,,33.3,,,8,8,81,75,83,14,14,,126,123,,,,270.5,,,,1,,,1,,,,1,,,
2024,5055,Intercropping Cooperative,Oat breeding programs collaborating on oat intercropping trials,6722,Cornell_OatPeaDensity_2024_Ithaca,Cornell oat pea intercroping with density treatments,CRD,,,,,,2024-May-03,,171,"Ithaca, NY - Snyder",526536,ND180256,,,subplot,717358,Cornell_OatPeaDensity_2024_Ithaca_5_subplot_2,1,1,5,1,5,test,,,,,,,,,,,,,,,9,9,88,65,79,23,23,64,120,123,,,,,,,,1,,,1,,,,1,,,
2024,5055,Intercropping Cooperative,Oat breeding programs collaborating on oat intercropping trials,6722,Cornell_OatPeaDensity_2024_Ithaca,Cornell oat pea intercroping with density treatments,CRD,,,,,,2024-May-03,,171,"Ithaca, NY - Snyder",526536,ND180256,,,subplot,717359,Cornell_OatPeaDensity_2024_Ithaca_5_subplot_3,1,1,5,1,5,test,,,131.8,,,,,,,22.9,,,,,2,2,87,67,66,8,8,68,125,127,,148.3,,,,,,1,,,1,,,,1,,,
2024,5055,Intercropping Cooperative,Oat breeding programs collaborating on oat intercropping trials,6722,Cornell_OatPeaDensity_2024_Ithaca,Cornell oat pea intercroping with density treatments,CRD,,,,,,2024-May-03,,171,"Ithaca, NY - Snyder",202018,IL17-1253,17-1253,,plot,717332,Cornell_OatPeaDensity_2024_Ithaca_6,1,1,6,2,5,test,,,,,,156,44,2,,,,,2,0,,,,,,,,,,,,,,,,,1,,,1,,,,,,,,
2024,5055,Intercropping Cooperative,Oat breeding programs collaborating on oat intercropping trials,6722,Cornell_OatPeaDensity_2024_Ithaca,Cornell oat pea intercroping with density treatments,CRD,,,,,,2024-May-03,,171,"Ithaca, NY - Snyder",202018,IL17-1253,17-1253,,subplot,717384,Cornell_OatPeaDensity_2024_Ithaca_6_subplot_1,1,1,6,2,5,test,,31.6,,,,,,,4.5,,,,,,1,1,0,51,0,24,24,67,87,91,13.7,,,,,,1,,,1,,,,,,,,
2024,5055,Intercropping Cooperative,Oat breeding programs collaborating on oat intercropping trials,6722,Cornell_OatPeaDensity_2024_Ithaca,Cornell oat pea intercroping with density treatments,CRD,,,,,,2024-May-03,,171,"Ithaca, NY - Snyder",202018,IL17-1253,17-1253,,subplot,717385,Cornell_OatPeaDensity_2024_Ithaca_6_subplot_2,1,1,6,2,5,test,,,,,,,,,,,,,,,0,0,0,0,0,31,31,84,97,105,,,,,,,1,,,1,,,,,,,,
2024,5055,Intercropping Cooperative,Oat breeding programs collaborating on oat intercropping trials,6722,Cornell_OatPeaDensity_2024_Ithaca,Cornell oat pea intercroping with density treatments,CRD,,,,,,2024-May-03,,171,"Ithaca, NY - Snyder",202018,IL17-1253,17-1253,,subplot,717386,Cornell_OatPeaDensity_2024_Ithaca_6_subplot_3,1,1,6,2,5,test,,,,283.3,,,,,,,0,,,,0,0,0,0,0,6,6,76,87,94,,,117.7,,,,1,,,1,,,,,,,,
2024,5055,Intercropping Cooperative,Oat breeding programs collaborating on oat intercropping trials,6722,Cornell_OatPeaDensity_2024_Ithaca,Cornell oat pea intercroping with density treatments,CRD,,,,,,2024-May-03,,171,"Ithaca, NY - Snyder",703605,NO_OATS_PLANTED,,,plot,717312,Cornell_OatPeaDensity_2024_Ithaca_7,1,1,7,2,4,test,,,,,,0,0,2,,,,,17,6,,,,,,,,,,,,,,,,1,,,,,1,,,1,,,,
2024,5055,Intercropping Cooperative,Oat breeding programs collaborating on oat intercropping trials,6722,Cornell_OatPeaDensity_2024_Ithaca,Cornell oat pea intercroping with density treatments,CRD,,,,,,2024-May-03,,171,"Ithaca, NY - Snyder",703605,NO_OATS_PLANTED,,,subplot,717486,Cornell_OatPeaDensity_2024_Ithaca_7_subplot_1,1,1,7,2,4,test,,,,0,,,,,,,65.4,,,,6,6,73,100,101,3,3,0,0,0,,,336.6,,,1,,,,,1,,,1,,,,
2024,5055,Intercropping Cooperative,Oat breeding programs collaborating on oat intercropping trials,6722,Cornell_OatPeaDensity_2024_Ithaca,Cornell oat pea intercroping with density treatments,CRD,,,,,,2024-May-03,,171,"Ithaca, NY - Snyder",703605,NO_OATS_PLANTED,,,subplot,717487,Cornell_OatPeaDensity_2024_Ithaca_7_subplot_2,1,1,7,2,4,test,,,,,,,,,,,,,,,2,2,76,109,99,0,0,0,0,0,,,,,,1,,,,,1,,,1,,,,
2024,5055,Intercropping Cooperative,Oat breeding programs collaborating on oat intercropping trials,6722,Cornell_OatPeaDensity_2024_Ithaca,Cornell oat pea intercroping with density treatments,CRD,,,,,,2024-May-03,,171,"Ithaca, NY - Snyder",703605,NO_OATS_PLANTED,,,subplot,717488,Cornell_OatPeaDensity_2024_Ithaca_7_subplot_3,1,1,7,2,4,test,,,2.3,,,,,,,26.7,,,,,5,5,63,97,106,0,0,0,0,0,,131.6,,,,1,,,,,1,,,1,,,,
2024,5055,Intercropping Cooperative,Oat breeding programs collaborating on oat intercropping trials,6722,Cornell_OatPeaDensity_2024_Ithaca,Cornell oat pea intercroping with density treatments,CRD,,,,,,2024-May-03,,171,"Ithaca, NY - Snyder",526536,ND180256,,,plot,717317,Cornell_OatPeaDensity_2024_Ithaca_8,1,1,8,2,3,test,,,,,,94,31,2,,,,,12,4,,,,,,,,,,,,,,,,,,1,,,,1,,,1,,,
2024,5055,Intercropping Cooperative,Oat breeding programs collaborating on oat intercropping trials,6722,Cornell_OatPeaDensity_2024_Ithaca,Cornell oat pea intercroping with density treatments,CRD,,,,,,2024-May-03,,171,"Ithaca, NY - Snyder",526536,ND180256,,,subplot,717498,Cornell_OatPeaDensity_2024_Ithaca_8_subplot_1,1,1,8,2,3,test,,25.1,,,,,,,4.1,,,,,,5,5,46,54,54,21,21,80,121,124,23.3,,,,,,,1,,,,1,,,1,,,
2024,5055,Intercropping Cooperative,Oat breeding programs collaborating on oat intercropping trials,6722,Cornell_OatPeaDensity_2024_Ithaca,Cornell oat pea intercroping with density treatments,CRD,,,,,,2024-May-03,,171,"Ithaca, NY - Snyder",526536,ND180256,,,subplot,717499,Cornell_OatPeaDensity_2024_Ithaca_8_subplot_2,1,1,8,2,3,test,,,,,,,,,,,,,,,2,2,63,63,67,13,13,89,129,128,,,,,,,,1,,,,1,,,1,,,
2024,5055,Intercropping Cooperative,Oat breeding programs collaborating on oat intercropping trials,6722,Cornell_OatPeaDensity_2024_Ithaca,Cornell oat pea intercroping with density treatments,CRD,,,,,,2024-May-03,,171,"Ithaca, NY - Snyder",526536,ND180256,,,subplot,717500,Cornell_OatPeaDensity_2024_Ithaca_8_subplot_3,1,1,8,2,3,test,,,,155,,,,,,,12.7,,,,1,1,58,54,67,8,8,76,112,122,,,165.2,,,,,1,,,,1,,,1,,,
2024,5055,Intercropping Cooperative,Oat breeding programs collaborating on oat intercropping trials,6722,Cornell_OatPeaDensity_2024_Ithaca,Cornell oat pea intercroping with density treatments,CRD,,,,,,2024-May-03,,171,"Ithaca, NY - Snyder",531129,OT7100,,,plot,717306,Cornell_OatPeaDensity_2024_Ithaca_9,1,1,9,2,2,test,,,,,,65,19,2,,,,,18,5,,,,,,,,,,,,,,,,,,1,,,,1,,,1,,,
2024,5055,Intercropping Cooperative,Oat breeding programs collaborating on oat intercropping trials,6722,Cornell_OatPeaDensity_2024_Ithaca,Cornell oat pea intercroping with density treatments,CRD,,,,,,2024-May-03,,171,"Ithaca, NY - Snyder",531129,OT7100,,,subplot,717468,Cornell_OatPeaDensity_2024_Ithaca_9_subplot_1,1,1,9,2,2,test,,,155,,,,,,,10.2,,,,,3,3,70,59,49,6,6,76,110,115,,112.8,,,,,,1,,,,1,,,1,,,
2024,5055,Intercropping Cooperative,Oat breeding programs collaborating on oat intercropping trials,6722,Cornell_OatPeaDensity_2024_Ithaca,Cornell oat pea intercroping with density treatments,CRD,,,,,,2024-May-03,,171,"Ithaca, NY - Snyder",531129,OT7100,,,subplot,717469,Cornell_OatPeaDensity_2024_Ithaca_9_subplot_2,1,1,9,2,2,test,,,,,,,,,,,,,,,2,2,67,62,62,14,14,76,110,111,,,,,,,,1,,,,1,,,1,,,
2024,5055,Intercropping Cooperative,Oat breeding programs collaborating on oat intercropping trials,6722,Cornell_OatPeaDensity_2024_Ithaca,Cornell oat pea intercroping with density treatments,CRD,,,,,,2024-May-03,,171,"Ithaca, NY - Snyder",531129,OT7100,,,subplot,717470,Cornell_OatPeaDensity_2024_Ithaca_9_subplot_3,1,1,9,2,2,test,,,,,186.8,,,,,,,40,,,4,4,61,62,43,12,12,78,101,104,,,,128.5,,,,1,,,,1,,,1,,,
