"subplot_name","subplot_id","block_number","plot_number","subplot_number","biomass_1","biomass_2","biomass_3","biomass_4"
"SpringOatPeaIntercrop_2024_NY_1_subplot_1",714086,1,1,1,1,,,1
"SpringOatPeaIntercrop_2024_NY_1_subplot_2",714087,1,1,2,,,,
"SpringOatPeaIntercrop_2024_NY_1_subplot_3",714088,1,1,3,,1,1,
"SpringOatPeaIntercrop_2024_NY_2_subplot_1",714002,1,2,1,1,,,1
"SpringOatPeaIntercrop_2024_NY_2_subplot_2",714004,1,2,2,,,,
"SpringOatPeaIntercrop_2024_NY_2_subplot_3",714006,1,2,3,,1,1,
"SpringOatPeaIntercrop_2024_NY_3_subplot_1",714187,1,3,1,1,,1,
"SpringOatPeaIntercrop_2024_NY_3_subplot_2",714189,1,3,2,,,,
"SpringOatPeaIntercrop_2024_NY_3_subplot_3",714191,1,3,3,,1,,1
"SpringOatPeaIntercrop_2024_NY_4_subplot_1",713812,1,4,1,1,,1,
"SpringOatPeaIntercrop_2024_NY_4_subplot_2",713814,1,4,2,,,,
"SpringOatPeaIntercrop_2024_NY_4_subplot_3",713815,1,4,3,,1,,1
"SpringOatPeaIntercrop_2024_NY_5_subplot_1",714157,1,5,1,1,,1,
"SpringOatPeaIntercrop_2024_NY_5_subplot_2",714159,1,5,2,,,,
"SpringOatPeaIntercrop_2024_NY_5_subplot_3",714161,1,5,3,,1,,1
"SpringOatPeaIntercrop_2024_NY_6_subplot_1",714270,1,6,1,1,,1,
"SpringOatPeaIntercrop_2024_NY_6_subplot_2",714272,1,6,2,,,,
"SpringOatPeaIntercrop_2024_NY_6_subplot_3",714274,1,6,3,,1,,1
"SpringOatPeaIntercrop_2024_NY_7_subplot_1",714578,1,7,1,1,,,1
"SpringOatPeaIntercrop_2024_NY_7_subplot_2",714580,1,7,2,,,,
"SpringOatPeaIntercrop_2024_NY_7_subplot_3",714582,1,7,3,,1,1,
"SpringOatPeaIntercrop_2024_NY_8_subplot_1",714414,1,8,1,1,,,1
"SpringOatPeaIntercrop_2024_NY_8_subplot_2",714416,1,8,2,,,,
"SpringOatPeaIntercrop_2024_NY_8_subplot_3",714418,1,8,3,,1,1,
"SpringOatPeaIntercrop_2024_NY_9_subplot_1",714329,1,9,1,1,,1,
"SpringOatPeaIntercrop_2024_NY_9_subplot_2",714331,1,9,2,,,,
"SpringOatPeaIntercrop_2024_NY_9_subplot_3",714333,1,9,3,,1,,1
"SpringOatPeaIntercrop_2024_NY_10_subplot_1",714047,1,10,1,1,,1,
"SpringOatPeaIntercrop_2024_NY_10_subplot_2",714048,1,10,2,,,,
"SpringOatPeaIntercrop_2024_NY_10_subplot_3",714049,1,10,3,,1,,1
"SpringOatPeaIntercrop_2024_NY_11_subplot_1",714068,1,11,1,,1,1,
"SpringOatPeaIntercrop_2024_NY_11_subplot_2",714069,1,11,2,,,,
"SpringOatPeaIntercrop_2024_NY_11_subplot_3",714070,1,11,3,1,,,1
"SpringOatPeaIntercrop_2024_NY_12_subplot_1",713672,1,12,1,,1,1,
"SpringOatPeaIntercrop_2024_NY_12_subplot_2",713674,1,12,2,,,,
"SpringOatPeaIntercrop_2024_NY_12_subplot_3",713676,1,12,3,1,,,1
"SpringOatPeaIntercrop_2024_NY_13_subplot_1",714531,1,13,1,1,,1,
"SpringOatPeaIntercrop_2024_NY_13_subplot_2",714533,1,13,2,,,,
"SpringOatPeaIntercrop_2024_NY_13_subplot_3",714535,1,13,3,,1,,1
"SpringOatPeaIntercrop_2024_NY_14_subplot_1",714107,1,14,1,1,,1,
"SpringOatPeaIntercrop_2024_NY_14_subplot_2",714108,1,14,2,,,,
"SpringOatPeaIntercrop_2024_NY_14_subplot_3",714109,1,14,3,,1,,1
"SpringOatPeaIntercrop_2024_NY_15_subplot_1",713737,1,15,1,1,,1,
"SpringOatPeaIntercrop_2024_NY_15_subplot_2",713739,1,15,2,,,,
"SpringOatPeaIntercrop_2024_NY_15_subplot_3",713741,1,15,3,,1,,1
"SpringOatPeaIntercrop_2024_NY_16_subplot_1",714125,1,16,1,1,,1,
"SpringOatPeaIntercrop_2024_NY_16_subplot_2",714126,1,16,2,,,,
"SpringOatPeaIntercrop_2024_NY_16_subplot_3",714127,1,16,3,,1,,1
"SpringOatPeaIntercrop_2024_NY_17_subplot_1",714341,1,17,1,,1,,1
"SpringOatPeaIntercrop_2024_NY_17_subplot_2",714343,1,17,2,,,,
"SpringOatPeaIntercrop_2024_NY_17_subplot_3",714345,1,17,3,1,,1,
"SpringOatPeaIntercrop_2024_NY_18_subplot_1",713692,1,18,1,,1,,1
"SpringOatPeaIntercrop_2024_NY_18_subplot_2",713694,1,18,2,,,,
"SpringOatPeaIntercrop_2024_NY_18_subplot_3",713696,1,18,3,1,,1,
"SpringOatPeaIntercrop_2024_NY_19_subplot_1",714175,1,19,1,1,,,1
"SpringOatPeaIntercrop_2024_NY_19_subplot_2",714177,1,19,2,,,,
"SpringOatPeaIntercrop_2024_NY_19_subplot_3",714179,1,19,3,,1,1,
"SpringOatPeaIntercrop_2024_NY_20_subplot_1",713931,1,20,1,1,,,1
"SpringOatPeaIntercrop_2024_NY_20_subplot_2",713933,1,20,2,,,,
"SpringOatPeaIntercrop_2024_NY_20_subplot_3",713935,1,20,3,,1,1,
"SpringOatPeaIntercrop_2024_NY_21_subplot_1",713955,1,21,1,,1,,1
"SpringOatPeaIntercrop_2024_NY_21_subplot_2",713957,1,21,2,,,,
"SpringOatPeaIntercrop_2024_NY_21_subplot_3",713959,1,21,3,1,,1,
"SpringOatPeaIntercrop_2024_NY_22_subplot_1",714317,1,22,1,,1,,1
"SpringOatPeaIntercrop_2024_NY_22_subplot_2",714319,1,22,2,,,,
"SpringOatPeaIntercrop_2024_NY_22_subplot_3",714321,1,22,3,1,,1,
"SpringOatPeaIntercrop_2024_NY_23_subplot_1",713577,1,23,1,,1,1,
"SpringOatPeaIntercrop_2024_NY_23_subplot_2",713579,1,23,2,,,,
"SpringOatPeaIntercrop_2024_NY_23_subplot_3",713581,1,23,3,1,,,1
"SpringOatPeaIntercrop_2024_NY_24_subplot_1",714029,1,24,1,,1,1,
"SpringOatPeaIntercrop_2024_NY_24_subplot_2",714030,1,24,2,,,,
"SpringOatPeaIntercrop_2024_NY_24_subplot_3",714031,1,24,3,1,,,1
"SpringOatPeaIntercrop_2024_NY_25_subplot_1",714116,1,25,1,1,,,1
"SpringOatPeaIntercrop_2024_NY_25_subplot_2",714117,1,25,2,,,,
"SpringOatPeaIntercrop_2024_NY_25_subplot_3",714118,1,25,3,,1,1,
"SpringOatPeaIntercrop_2024_NY_26_subplot_1",713769,1,26,1,1,,,1
"SpringOatPeaIntercrop_2024_NY_26_subplot_2",713771,1,26,2,,,,
"SpringOatPeaIntercrop_2024_NY_26_subplot_3",713773,1,26,3,,1,1,
"SpringOatPeaIntercrop_2024_NY_27_subplot_1",713679,1,27,1,1,,,1
"SpringOatPeaIntercrop_2024_NY_27_subplot_2",713681,1,27,2,,,,
"SpringOatPeaIntercrop_2024_NY_27_subplot_3",713683,1,27,3,,1,1,
"SpringOatPeaIntercrop_2024_NY_28_subplot_1",714372,1,28,1,1,,,1
"SpringOatPeaIntercrop_2024_NY_28_subplot_2",714374,1,28,2,,,,
"SpringOatPeaIntercrop_2024_NY_28_subplot_3",714376,1,28,3,,1,1,
"SpringOatPeaIntercrop_2024_NY_29_subplot_1",713799,1,29,1,1,,,1
"SpringOatPeaIntercrop_2024_NY_29_subplot_2",713801,1,29,2,,,,
"SpringOatPeaIntercrop_2024_NY_29_subplot_3",713803,1,29,3,,1,1,
"SpringOatPeaIntercrop_2024_NY_30_subplot_1",714205,1,30,1,1,,,1
"SpringOatPeaIntercrop_2024_NY_30_subplot_2",714207,1,30,2,,,,
"SpringOatPeaIntercrop_2024_NY_30_subplot_3",714209,1,30,3,,1,1,
"SpringOatPeaIntercrop_2024_NY_31_subplot_1",714181,1,31,1,,1,,1
"SpringOatPeaIntercrop_2024_NY_31_subplot_2",714183,1,31,2,,,,
"SpringOatPeaIntercrop_2024_NY_31_subplot_3",714185,1,31,3,1,,1,
"SpringOatPeaIntercrop_2024_NY_32_subplot_1",713564,1,32,1,,1,,1
"SpringOatPeaIntercrop_2024_NY_32_subplot_2",713566,1,32,2,,,,
"SpringOatPeaIntercrop_2024_NY_32_subplot_3",713568,1,32,3,1,,1,
"SpringOatPeaIntercrop_2024_NY_33_subplot_1",714247,1,33,1,1,,1,
"SpringOatPeaIntercrop_2024_NY_33_subplot_2",714249,1,33,2,,,,
"SpringOatPeaIntercrop_2024_NY_33_subplot_3",714251,1,33,3,,1,,1
"SpringOatPeaIntercrop_2024_NY_34_subplot_1",714151,1,34,1,1,,1,
"SpringOatPeaIntercrop_2024_NY_34_subplot_2",714153,1,34,2,,,,
"SpringOatPeaIntercrop_2024_NY_34_subplot_3",714155,1,34,3,,1,,1
"SpringOatPeaIntercrop_2024_NY_35_subplot_1",714019,1,35,1,,1,1,
"SpringOatPeaIntercrop_2024_NY_35_subplot_2",714021,1,35,2,,,,
"SpringOatPeaIntercrop_2024_NY_35_subplot_3",714022,1,35,3,1,,,1
"SpringOatPeaIntercrop_2024_NY_36_subplot_1",714098,1,36,1,,1,1,
"SpringOatPeaIntercrop_2024_NY_36_subplot_2",714099,1,36,2,,,,
"SpringOatPeaIntercrop_2024_NY_36_subplot_3",714100,1,36,3,1,,,1
"SpringOatPeaIntercrop_2024_NY_37_subplot_1",714478,1,37,1,1,,1,
"SpringOatPeaIntercrop_2024_NY_37_subplot_2",714480,1,37,2,,,,
"SpringOatPeaIntercrop_2024_NY_37_subplot_3",714482,1,37,3,,1,,1
"SpringOatPeaIntercrop_2024_NY_38_subplot_1",713538,1,38,1,1,,1,
"SpringOatPeaIntercrop_2024_NY_38_subplot_2",713540,1,38,2,,,,
"SpringOatPeaIntercrop_2024_NY_38_subplot_3",713542,1,38,3,,1,,1
"SpringOatPeaIntercrop_2024_NY_39_subplot_1",714113,1,39,1,1,,1,
"SpringOatPeaIntercrop_2024_NY_39_subplot_2",714114,1,39,2,,,,
"SpringOatPeaIntercrop_2024_NY_39_subplot_3",714115,1,39,3,,1,,1
"SpringOatPeaIntercrop_2024_NY_40_subplot_1",713842,1,40,1,1,,1,
"SpringOatPeaIntercrop_2024_NY_40_subplot_2",713844,1,40,2,,,,
"SpringOatPeaIntercrop_2024_NY_40_subplot_3",713845,1,40,3,,1,,1
"SpringOatPeaIntercrop_2024_NY_41_subplot_1",713829,1,41,1,1,,,1
"SpringOatPeaIntercrop_2024_NY_41_subplot_2",713831,1,41,2,,,,
"SpringOatPeaIntercrop_2024_NY_41_subplot_3",713833,1,41,3,,1,1,
"SpringOatPeaIntercrop_2024_NY_42_subplot_1",714502,1,42,1,1,,,1
"SpringOatPeaIntercrop_2024_NY_42_subplot_2",714504,1,42,2,,,,
"SpringOatPeaIntercrop_2024_NY_42_subplot_3",714506,1,42,3,,1,1,
"SpringOatPeaIntercrop_2024_NY_43_subplot_1",713614,1,43,1,1,,1,
"SpringOatPeaIntercrop_2024_NY_43_subplot_2",713616,1,43,2,,,,
"SpringOatPeaIntercrop_2024_NY_43_subplot_3",713618,1,43,3,,1,,1
"SpringOatPeaIntercrop_2024_NY_44_subplot_1",713750,1,44,1,1,,1,
"SpringOatPeaIntercrop_2024_NY_44_subplot_2",713752,1,44,2,,,,
"SpringOatPeaIntercrop_2024_NY_44_subplot_3",713754,1,44,3,,1,,1
"SpringOatPeaIntercrop_2024_NY_45_subplot_1",714101,1,45,1,1,,1,
"SpringOatPeaIntercrop_2024_NY_45_subplot_2",714102,1,45,2,,,,
"SpringOatPeaIntercrop_2024_NY_45_subplot_3",714103,1,45,3,,1,,1
"SpringOatPeaIntercrop_2024_NY_46_subplot_1",714035,1,46,1,1,,1,
"SpringOatPeaIntercrop_2024_NY_46_subplot_2",714036,1,46,2,,,,
"SpringOatPeaIntercrop_2024_NY_46_subplot_3",714037,1,46,3,,1,,1
"SpringOatPeaIntercrop_2024_NY_47_subplot_1",713544,1,47,1,,1,1,
"SpringOatPeaIntercrop_2024_NY_47_subplot_2",713546,1,47,2,,,,
"SpringOatPeaIntercrop_2024_NY_47_subplot_3",713548,1,47,3,1,,,1
"SpringOatPeaIntercrop_2024_NY_48_subplot_1",714496,1,48,1,,1,1,
"SpringOatPeaIntercrop_2024_NY_48_subplot_2",714498,1,48,2,,,,
"SpringOatPeaIntercrop_2024_NY_48_subplot_3",714500,1,48,3,1,,,1
"SpringOatPeaIntercrop_2024_NY_49_subplot_1",714026,1,49,1,1,,1,
"SpringOatPeaIntercrop_2024_NY_49_subplot_2",714027,1,49,2,,,,
"SpringOatPeaIntercrop_2024_NY_49_subplot_3",714028,1,49,3,,1,,1
"SpringOatPeaIntercrop_2024_NY_50_subplot_1",714241,1,50,1,1,,1,
"SpringOatPeaIntercrop_2024_NY_50_subplot_2",714243,1,50,2,,,,
"SpringOatPeaIntercrop_2024_NY_50_subplot_3",714245,1,50,3,,1,,1
"SpringOatPeaIntercrop_2024_NY_51_subplot_1",714119,2,51,1,,1,,1
"SpringOatPeaIntercrop_2024_NY_51_subplot_2",714120,2,51,2,,,,
"SpringOatPeaIntercrop_2024_NY_51_subplot_3",714121,2,51,3,1,,1,
"SpringOatPeaIntercrop_2024_NY_52_subplot_1",713590,2,52,1,,1,,1
"SpringOatPeaIntercrop_2024_NY_52_subplot_2",713592,2,52,2,,,,
"SpringOatPeaIntercrop_2024_NY_52_subplot_3",713594,2,52,3,1,,1,
"SpringOatPeaIntercrop_2024_NY_53_subplot_1",714288,2,53,1,,1,,1
"SpringOatPeaIntercrop_2024_NY_53_subplot_2",714290,2,53,2,,,,
"SpringOatPeaIntercrop_2024_NY_53_subplot_3",714292,2,53,3,1,,1,
"SpringOatPeaIntercrop_2024_NY_54_subplot_1",714199,2,54,1,,1,,1
"SpringOatPeaIntercrop_2024_NY_54_subplot_2",714201,2,54,2,,,,
"SpringOatPeaIntercrop_2024_NY_54_subplot_3",714203,2,54,3,1,,1,
"SpringOatPeaIntercrop_2024_NY_55_subplot_1",713978,2,55,1,,1,,1
"SpringOatPeaIntercrop_2024_NY_55_subplot_2",713980,2,55,2,,,,
"SpringOatPeaIntercrop_2024_NY_55_subplot_3",713982,2,55,3,1,,1,
"SpringOatPeaIntercrop_2024_NY_56_subplot_1",714065,2,56,1,,1,,1
"SpringOatPeaIntercrop_2024_NY_56_subplot_2",714066,2,56,2,,,,
"SpringOatPeaIntercrop_2024_NY_56_subplot_3",714067,2,56,3,1,,1,
"SpringOatPeaIntercrop_2024_NY_57_subplot_1",714443,2,57,1,,1,1,
"SpringOatPeaIntercrop_2024_NY_57_subplot_2",714445,2,57,2,,,,
"SpringOatPeaIntercrop_2024_NY_57_subplot_3",714447,2,57,3,1,,,1
"SpringOatPeaIntercrop_2024_NY_58_subplot_1",713503,2,58,1,,1,1,
"SpringOatPeaIntercrop_2024_NY_58_subplot_2",713505,2,58,2,,,,
"SpringOatPeaIntercrop_2024_NY_58_subplot_3",713507,2,58,3,1,,,1
"SpringOatPeaIntercrop_2024_NY_59_subplot_1",714083,2,59,1,1,,,1
"SpringOatPeaIntercrop_2024_NY_59_subplot_2",714084,2,59,2,,,,
"SpringOatPeaIntercrop_2024_NY_59_subplot_3",714085,2,59,3,,1,1,
"SpringOatPeaIntercrop_2024_NY_60_subplot_1",714347,2,60,1,1,,,1
"SpringOatPeaIntercrop_2024_NY_60_subplot_2",714349,2,60,2,,,,
"SpringOatPeaIntercrop_2024_NY_60_subplot_3",714351,2,60,3,,1,1,
"SpringOatPeaIntercrop_2024_NY_61_subplot_1",714323,2,61,1,1,,1,
"SpringOatPeaIntercrop_2024_NY_61_subplot_2",714325,2,61,2,,,,
"SpringOatPeaIntercrop_2024_NY_61_subplot_3",714327,2,61,3,,1,,1
"SpringOatPeaIntercrop_2024_NY_62_subplot_1",713961,2,62,1,1,,1,
"SpringOatPeaIntercrop_2024_NY_62_subplot_2",713963,2,62,2,,,,
"SpringOatPeaIntercrop_2024_NY_62_subplot_3",713965,2,62,3,,1,,1
"SpringOatPeaIntercrop_2024_NY_63_subplot_1",714145,2,63,1,,1,1,
"SpringOatPeaIntercrop_2024_NY_63_subplot_2",714147,2,63,2,,,,
"SpringOatPeaIntercrop_2024_NY_63_subplot_3",714149,2,63,3,1,,,1
"SpringOatPeaIntercrop_2024_NY_64_subplot_1",714252,2,64,1,,1,1,
"SpringOatPeaIntercrop_2024_NY_64_subplot_2",714254,2,64,2,,,,
"SpringOatPeaIntercrop_2024_NY_64_subplot_3",714256,2,64,3,1,,,1
"SpringOatPeaIntercrop_2024_NY_65_subplot_1",713602,2,65,1,1,,1,
"SpringOatPeaIntercrop_2024_NY_65_subplot_2",713604,2,65,2,,,,
"SpringOatPeaIntercrop_2024_NY_65_subplot_3",713606,2,65,3,,1,,1
"SpringOatPeaIntercrop_2024_NY_66_subplot_1",714584,2,66,1,1,,1,
"SpringOatPeaIntercrop_2024_NY_66_subplot_2",714586,2,66,2,,,,
"SpringOatPeaIntercrop_2024_NY_66_subplot_3",714588,2,66,3,,1,,1
"SpringOatPeaIntercrop_2024_NY_67_subplot_1",714050,2,67,1,,1,1,
"SpringOatPeaIntercrop_2024_NY_67_subplot_2",714051,2,67,2,,,,
"SpringOatPeaIntercrop_2024_NY_67_subplot_3",714052,2,67,3,1,,,1
"SpringOatPeaIntercrop_2024_NY_68_subplot_1",713937,2,68,1,,1,1,
"SpringOatPeaIntercrop_2024_NY_68_subplot_2",713939,2,68,2,,,,
"SpringOatPeaIntercrop_2024_NY_68_subplot_3",713941,2,68,3,1,,,1
"SpringOatPeaIntercrop_2024_NY_69_subplot_1",714555,2,69,1,,1,,1
"SpringOatPeaIntercrop_2024_NY_69_subplot_2",714557,2,69,2,,,,
"SpringOatPeaIntercrop_2024_NY_69_subplot_3",714559,2,69,3,1,,1,
"SpringOatPeaIntercrop_2024_NY_70_subplot_1",714461,2,70,1,,1,,1
"SpringOatPeaIntercrop_2024_NY_70_subplot_2",714462,2,70,2,,,,
"SpringOatPeaIntercrop_2024_NY_70_subplot_3",714464,2,70,3,1,,1,
"SpringOatPeaIntercrop_2024_NY_71_subplot_1",714543,2,71,1,,1,,1
"SpringOatPeaIntercrop_2024_NY_71_subplot_2",714545,2,71,2,,,,
"SpringOatPeaIntercrop_2024_NY_71_subplot_3",714547,2,71,3,1,,1,
"SpringOatPeaIntercrop_2024_NY_72_subplot_1",713781,2,72,1,,1,,1
"SpringOatPeaIntercrop_2024_NY_72_subplot_2",713783,2,72,2,,,,
"SpringOatPeaIntercrop_2024_NY_72_subplot_3",713785,2,72,3,1,,1,
"SpringOatPeaIntercrop_2024_NY_73_subplot_1",714074,2,73,1,,1,,1
"SpringOatPeaIntercrop_2024_NY_73_subplot_2",714075,2,73,2,,,,
"SpringOatPeaIntercrop_2024_NY_73_subplot_3",714076,2,73,3,1,,1,
"SpringOatPeaIntercrop_2024_NY_74_subplot_1",714519,2,74,1,,1,,1
"SpringOatPeaIntercrop_2024_NY_74_subplot_2",714521,2,74,2,,,,
"SpringOatPeaIntercrop_2024_NY_74_subplot_3",714523,2,74,3,1,,1,
"SpringOatPeaIntercrop_2024_NY_75_subplot_1",713646,2,75,1,,1,,1
"SpringOatPeaIntercrop_2024_NY_75_subplot_2",713648,2,75,2,,,,
"SpringOatPeaIntercrop_2024_NY_75_subplot_3",713650,2,75,3,1,,1,
"SpringOatPeaIntercrop_2024_NY_76_subplot_1",714282,2,76,1,,1,,1
"SpringOatPeaIntercrop_2024_NY_76_subplot_2",714284,2,76,2,,,,
"SpringOatPeaIntercrop_2024_NY_76_subplot_3",714286,2,76,3,1,,1,
"SpringOatPeaIntercrop_2024_NY_77_subplot_1",714211,2,77,1,1,,1,
"SpringOatPeaIntercrop_2024_NY_77_subplot_2",714213,2,77,2,,,,
"SpringOatPeaIntercrop_2024_NY_77_subplot_3",714215,2,77,3,,1,,1
"SpringOatPeaIntercrop_2024_NY_78_subplot_1",713865,2,78,1,1,,1,
"SpringOatPeaIntercrop_2024_NY_78_subplot_2",713867,2,78,2,,,,
"SpringOatPeaIntercrop_2024_NY_78_subplot_3",713869,2,78,3,,1,,1
"SpringOatPeaIntercrop_2024_NY_79_subplot_1",714311,2,79,1,1,,1,
"SpringOatPeaIntercrop_2024_NY_79_subplot_2",714313,2,79,2,,,,
"SpringOatPeaIntercrop_2024_NY_79_subplot_3",714315,2,79,3,,1,,1
"SpringOatPeaIntercrop_2024_NY_80_subplot_1",714537,2,80,1,1,,1,
"SpringOatPeaIntercrop_2024_NY_80_subplot_2",714539,2,80,2,,,,
"SpringOatPeaIntercrop_2024_NY_80_subplot_3",714541,2,80,3,,1,,1
"SpringOatPeaIntercrop_2024_NY_81_subplot_1",714466,2,81,1,,1,1,
"SpringOatPeaIntercrop_2024_NY_81_subplot_2",714468,2,81,2,,,,
"SpringOatPeaIntercrop_2024_NY_81_subplot_3",714470,2,81,3,1,,,1
"SpringOatPeaIntercrop_2024_NY_82_subplot_1",713871,2,82,1,,1,1,
"SpringOatPeaIntercrop_2024_NY_82_subplot_2",713873,2,82,2,,,,
"SpringOatPeaIntercrop_2024_NY_82_subplot_3",713875,2,82,3,1,,,1
"SpringOatPeaIntercrop_2024_NY_83_subplot_1",714053,2,83,1,1,,1,
"SpringOatPeaIntercrop_2024_NY_83_subplot_2",714054,2,83,2,,,,
"SpringOatPeaIntercrop_2024_NY_83_subplot_3",714055,2,83,3,,1,,1
"SpringOatPeaIntercrop_2024_NY_84_subplot_1",714472,2,84,1,1,,1,
"SpringOatPeaIntercrop_2024_NY_84_subplot_2",714474,2,84,2,,,,
"SpringOatPeaIntercrop_2024_NY_84_subplot_3",714476,2,84,3,,1,,1
"SpringOatPeaIntercrop_2024_NY_85_subplot_1",713711,2,85,1,,1,,1
"SpringOatPeaIntercrop_2024_NY_85_subplot_2",713713,2,85,2,,,,
"SpringOatPeaIntercrop_2024_NY_85_subplot_3",713715,2,85,3,1,,1,
"SpringOatPeaIntercrop_2024_NY_86_subplot_1",714396,2,86,1,,1,,1
"SpringOatPeaIntercrop_2024_NY_86_subplot_2",714398,2,86,2,,,,
"SpringOatPeaIntercrop_2024_NY_86_subplot_3",714400,2,86,3,1,,1,
"SpringOatPeaIntercrop_2024_NY_87_subplot_1",714140,2,87,1,1,,1,
"SpringOatPeaIntercrop_2024_NY_87_subplot_2",714142,2,87,2,,,,
"SpringOatPeaIntercrop_2024_NY_87_subplot_3",714143,2,87,3,,1,,1
"SpringOatPeaIntercrop_2024_NY_88_subplot_1",713806,2,88,1,1,,1,
"SpringOatPeaIntercrop_2024_NY_88_subplot_2",713808,2,88,2,,,,
"SpringOatPeaIntercrop_2024_NY_88_subplot_3",713809,2,88,3,,1,,1
"SpringOatPeaIntercrop_2024_NY_89_subplot_1",714365,2,89,1,1,,1,
"SpringOatPeaIntercrop_2024_NY_89_subplot_2",714367,2,89,2,,,,
"SpringOatPeaIntercrop_2024_NY_89_subplot_3",714370,2,89,3,,1,,1
"SpringOatPeaIntercrop_2024_NY_90_subplot_1",714402,2,90,1,1,,1,
"SpringOatPeaIntercrop_2024_NY_90_subplot_2",714404,2,90,2,,,,
"SpringOatPeaIntercrop_2024_NY_90_subplot_3",714406,2,90,3,,1,,1
"SpringOatPeaIntercrop_2024_NY_91_subplot_1",714264,2,91,1,1,,1,
"SpringOatPeaIntercrop_2024_NY_91_subplot_2",714266,2,91,2,,,,
"SpringOatPeaIntercrop_2024_NY_91_subplot_3",714268,2,91,3,,1,,1
"SpringOatPeaIntercrop_2024_NY_92_subplot_1",713996,2,92,1,1,,1,
"SpringOatPeaIntercrop_2024_NY_92_subplot_2",713998,2,92,2,,,,
"SpringOatPeaIntercrop_2024_NY_92_subplot_3",714000,2,92,3,,1,,1
"SpringOatPeaIntercrop_2024_NY_93_subplot_1",714122,2,93,1,,1,1,
"SpringOatPeaIntercrop_2024_NY_93_subplot_2",714123,2,93,2,,,,
"SpringOatPeaIntercrop_2024_NY_93_subplot_3",714124,2,93,3,1,,,1
"SpringOatPeaIntercrop_2024_NY_94_subplot_1",714258,2,94,1,,1,1,
"SpringOatPeaIntercrop_2024_NY_94_subplot_2",714260,2,94,2,,,,
"SpringOatPeaIntercrop_2024_NY_94_subplot_3",714262,2,94,3,1,,,1
"SpringOatPeaIntercrop_2024_NY_95_subplot_1",713583,2,95,1,,1,1,
"SpringOatPeaIntercrop_2024_NY_95_subplot_2",713585,2,95,2,,,,
"SpringOatPeaIntercrop_2024_NY_95_subplot_3",713587,2,95,3,1,,,1
"SpringOatPeaIntercrop_2024_NY_96_subplot_1",714525,2,96,1,,1,1,
"SpringOatPeaIntercrop_2024_NY_96_subplot_2",714527,2,96,2,,,,
"SpringOatPeaIntercrop_2024_NY_96_subplot_3",714529,2,96,3,1,,,1
"SpringOatPeaIntercrop_2024_NY_97_subplot_1",714041,2,97,1,,1,1,
"SpringOatPeaIntercrop_2024_NY_97_subplot_2",714042,2,97,2,,,,
"SpringOatPeaIntercrop_2024_NY_97_subplot_3",714043,2,97,3,1,,,1
"SpringOatPeaIntercrop_2024_NY_98_subplot_1",713907,2,98,1,,1,1,
"SpringOatPeaIntercrop_2024_NY_98_subplot_2",713909,2,98,2,,,,
"SpringOatPeaIntercrop_2024_NY_98_subplot_3",713911,2,98,3,1,,,1
"SpringOatPeaIntercrop_2024_NY_99_subplot_1",714572,2,99,1,1,,1,
"SpringOatPeaIntercrop_2024_NY_99_subplot_2",714574,2,99,2,,,,
"SpringOatPeaIntercrop_2024_NY_99_subplot_3",714576,2,99,3,,1,,1
"SpringOatPeaIntercrop_2024_NY_100_subplot_1",713889,2,100,1,1,,1,
"SpringOatPeaIntercrop_2024_NY_100_subplot_2",713891,2,100,2,,,,
"SpringOatPeaIntercrop_2024_NY_100_subplot_3",713893,2,100,3,,1,,1
"SpringOatPeaIntercrop_2024_NY_101_subplot_1",714044,3,101,1,1,,,1
"SpringOatPeaIntercrop_2024_NY_101_subplot_2",714045,3,101,2,,,,
"SpringOatPeaIntercrop_2024_NY_101_subplot_3",714046,3,101,3,,1,1,
"SpringOatPeaIntercrop_2024_NY_102_subplot_1",714217,3,102,1,1,,,1
"SpringOatPeaIntercrop_2024_NY_102_subplot_2",714219,3,102,2,,,,
"SpringOatPeaIntercrop_2024_NY_102_subplot_3",714221,3,102,3,,1,1,
"SpringOatPeaIntercrop_2024_NY_103_subplot_1",713847,3,103,1,1,,,1
"SpringOatPeaIntercrop_2024_NY_103_subplot_2",713849,3,103,2,,,,
"SpringOatPeaIntercrop_2024_NY_103_subplot_3",713851,3,103,3,,1,1,
"SpringOatPeaIntercrop_2024_NY_104_subplot_1",714299,3,104,1,1,,,1
"SpringOatPeaIntercrop_2024_NY_104_subplot_2",714301,3,104,2,,,,
"SpringOatPeaIntercrop_2024_NY_104_subplot_3",714303,3,104,3,,1,1,
"SpringOatPeaIntercrop_2024_NY_105_subplot_1",713724,3,105,1,,1,,1
"SpringOatPeaIntercrop_2024_NY_105_subplot_2",713726,3,105,2,,,,
"SpringOatPeaIntercrop_2024_NY_105_subplot_3",713728,3,105,3,1,,1,
"SpringOatPeaIntercrop_2024_NY_106_subplot_1",713919,3,106,1,,1,,1
"SpringOatPeaIntercrop_2024_NY_106_subplot_2",713921,3,106,2,,,,
"SpringOatPeaIntercrop_2024_NY_106_subplot_3",713923,3,106,3,1,,1,
"SpringOatPeaIntercrop_2024_NY_107_subplot_1",713973,3,107,1,,1,,1
"SpringOatPeaIntercrop_2024_NY_107_subplot_2",713975,3,107,2,,,,
"SpringOatPeaIntercrop_2024_NY_107_subplot_3",713977,3,107,3,1,,1,
"SpringOatPeaIntercrop_2024_NY_108_subplot_1",713666,3,108,1,,1,,1
"SpringOatPeaIntercrop_2024_NY_108_subplot_2",713668,3,108,2,,,,
"SpringOatPeaIntercrop_2024_NY_108_subplot_3",713670,3,108,3,1,,1,
"SpringOatPeaIntercrop_2024_NY_109_subplot_1",714561,3,109,1,1,,1,
"SpringOatPeaIntercrop_2024_NY_109_subplot_2",714563,3,109,2,,,,
"SpringOatPeaIntercrop_2024_NY_109_subplot_3",714565,3,109,3,,1,,1
"SpringOatPeaIntercrop_2024_NY_110_subplot_1",713756,3,110,1,1,,1,
"SpringOatPeaIntercrop_2024_NY_110_subplot_2",713758,3,110,2,,,,
"SpringOatPeaIntercrop_2024_NY_110_subplot_3",713761,3,110,3,,1,,1
"SpringOatPeaIntercrop_2024_NY_111_subplot_1",714077,3,111,1,1,,1,
"SpringOatPeaIntercrop_2024_NY_111_subplot_2",714078,3,111,2,,,,
"SpringOatPeaIntercrop_2024_NY_111_subplot_3",714079,3,111,3,,1,,1
"SpringOatPeaIntercrop_2024_NY_112_subplot_1",714131,3,112,1,1,,1,
"SpringOatPeaIntercrop_2024_NY_112_subplot_2",714132,3,112,2,,,,
"SpringOatPeaIntercrop_2024_NY_112_subplot_3",714133,3,112,3,,1,,1
"SpringOatPeaIntercrop_2024_NY_113_subplot_1",713823,3,113,1,1,,1,
"SpringOatPeaIntercrop_2024_NY_113_subplot_2",713825,3,113,2,,,,
"SpringOatPeaIntercrop_2024_NY_113_subplot_3",713827,3,113,3,,1,,1
"SpringOatPeaIntercrop_2024_NY_114_subplot_1",714378,3,114,1,1,,1,
"SpringOatPeaIntercrop_2024_NY_114_subplot_2",714380,3,114,2,,,,
"SpringOatPeaIntercrop_2024_NY_114_subplot_3",714382,3,114,3,,1,,1
"SpringOatPeaIntercrop_2024_NY_115_subplot_1",713627,3,115,1,,1,,1
"SpringOatPeaIntercrop_2024_NY_115_subplot_2",713629,3,115,2,,,,
"SpringOatPeaIntercrop_2024_NY_115_subplot_3",713631,3,115,3,1,,1,
"SpringOatPeaIntercrop_2024_NY_116_subplot_1",714008,3,116,1,,1,,1
"SpringOatPeaIntercrop_2024_NY_116_subplot_2",714010,3,116,2,,,,
"SpringOatPeaIntercrop_2024_NY_116_subplot_3",714012,3,116,3,1,,1,
"SpringOatPeaIntercrop_2024_NY_117_subplot_1",713925,3,117,1,,1,1,
"SpringOatPeaIntercrop_2024_NY_117_subplot_2",713927,3,117,2,,,,
"SpringOatPeaIntercrop_2024_NY_117_subplot_3",713929,3,117,3,1,,,1
"SpringOatPeaIntercrop_2024_NY_118_subplot_1",713685,3,118,1,,1,1,
"SpringOatPeaIntercrop_2024_NY_118_subplot_2",713687,3,118,2,,,,
"SpringOatPeaIntercrop_2024_NY_118_subplot_3",713689,3,118,3,1,,,1
"SpringOatPeaIntercrop_2024_NY_119_subplot_1",714455,3,119,1,,1,1,
"SpringOatPeaIntercrop_2024_NY_119_subplot_2",714457,3,119,2,,,,
"SpringOatPeaIntercrop_2024_NY_119_subplot_3",714459,3,119,3,1,,,1
"SpringOatPeaIntercrop_2024_NY_120_subplot_1",714566,3,120,1,,1,1,
"SpringOatPeaIntercrop_2024_NY_120_subplot_2",714568,3,120,2,,,,
"SpringOatPeaIntercrop_2024_NY_120_subplot_3",714570,3,120,3,1,,,1
"SpringOatPeaIntercrop_2024_NY_121_subplot_1",713653,3,121,1,1,,1,
"SpringOatPeaIntercrop_2024_NY_121_subplot_2",713655,3,121,2,,,,
"SpringOatPeaIntercrop_2024_NY_121_subplot_3",713657,3,121,3,,1,,1
"SpringOatPeaIntercrop_2024_NY_122_subplot_1",713608,3,122,1,1,,1,
"SpringOatPeaIntercrop_2024_NY_122_subplot_2",713610,3,122,2,,,,
"SpringOatPeaIntercrop_2024_NY_122_subplot_3",713612,3,122,3,,1,,1
"SpringOatPeaIntercrop_2024_NY_123_subplot_1",714508,3,123,1,1,,,1
"SpringOatPeaIntercrop_2024_NY_123_subplot_2",714510,3,123,2,,,,
"SpringOatPeaIntercrop_2024_NY_123_subplot_3",714511,3,123,3,,1,1,
"SpringOatPeaIntercrop_2024_NY_124_subplot_1",713913,3,124,1,1,,,1
"SpringOatPeaIntercrop_2024_NY_124_subplot_2",713915,3,124,2,,,,
"SpringOatPeaIntercrop_2024_NY_124_subplot_3",713917,3,124,3,,1,1,
"SpringOatPeaIntercrop_2024_NY_125_subplot_1",714095,3,125,1,,1,1,
"SpringOatPeaIntercrop_2024_NY_125_subplot_2",714096,3,125,2,,,,
"SpringOatPeaIntercrop_2024_NY_125_subplot_3",714097,3,125,3,1,,,1
"SpringOatPeaIntercrop_2024_NY_126_subplot_1",714294,3,126,1,,1,1,
"SpringOatPeaIntercrop_2024_NY_126_subplot_2",714296,3,126,2,,,,
"SpringOatPeaIntercrop_2024_NY_126_subplot_3",714297,3,126,3,1,,,1
"SpringOatPeaIntercrop_2024_NY_127_subplot_1",714359,3,127,1,,1,1,
"SpringOatPeaIntercrop_2024_NY_127_subplot_2",714361,3,127,2,,,,
"SpringOatPeaIntercrop_2024_NY_127_subplot_3",714363,3,127,3,1,,,1
"SpringOatPeaIntercrop_2024_NY_128_subplot_1",714056,3,128,1,,1,1,
"SpringOatPeaIntercrop_2024_NY_128_subplot_2",714057,3,128,2,,,,
"SpringOatPeaIntercrop_2024_NY_128_subplot_3",714058,3,128,3,1,,,1
"SpringOatPeaIntercrop_2024_NY_129_subplot_1",713853,3,129,1,1,,1,
"SpringOatPeaIntercrop_2024_NY_129_subplot_2",713855,3,129,2,,,,
"SpringOatPeaIntercrop_2024_NY_129_subplot_3",713857,3,129,3,,1,,1
"SpringOatPeaIntercrop_2024_NY_130_subplot_1",713640,3,130,1,1,,1,
"SpringOatPeaIntercrop_2024_NY_130_subplot_2",713642,3,130,2,,,,
"SpringOatPeaIntercrop_2024_NY_130_subplot_3",713644,3,130,3,,1,,1
"SpringOatPeaIntercrop_2024_NY_131_subplot_1",714549,3,131,1,1,,1,
"SpringOatPeaIntercrop_2024_NY_131_subplot_2",714551,3,131,2,,,,
"SpringOatPeaIntercrop_2024_NY_131_subplot_3",714553,3,131,3,,1,,1
"SpringOatPeaIntercrop_2024_NY_132_subplot_1",714276,3,132,1,1,,1,
"SpringOatPeaIntercrop_2024_NY_132_subplot_2",714278,3,132,2,,,,
"SpringOatPeaIntercrop_2024_NY_132_subplot_3",714280,3,132,3,,1,,1
"SpringOatPeaIntercrop_2024_NY_133_subplot_1",713620,3,133,1,,1,1,
"SpringOatPeaIntercrop_2024_NY_133_subplot_2",713623,3,133,2,,,,
"SpringOatPeaIntercrop_2024_NY_133_subplot_3",713625,3,133,3,1,,,1
"SpringOatPeaIntercrop_2024_NY_134_subplot_1",714235,3,134,1,,1,1,
"SpringOatPeaIntercrop_2024_NY_134_subplot_2",714237,3,134,2,,,,
"SpringOatPeaIntercrop_2024_NY_134_subplot_3",714239,3,134,3,1,,,1
"SpringOatPeaIntercrop_2024_NY_135_subplot_1",713817,3,135,1,,1,,1
"SpringOatPeaIntercrop_2024_NY_135_subplot_2",713819,3,135,2,,,,
"SpringOatPeaIntercrop_2024_NY_135_subplot_3",713821,3,135,3,1,,1,
"SpringOatPeaIntercrop_2024_NY_136_subplot_1",713596,3,136,1,,1,,1
"SpringOatPeaIntercrop_2024_NY_136_subplot_2",713598,3,136,2,,,,
"SpringOatPeaIntercrop_2024_NY_136_subplot_3",713600,3,136,3,1,,1,
"SpringOatPeaIntercrop_2024_NY_137_subplot_1",713532,3,137,1,1,,1,
"SpringOatPeaIntercrop_2024_NY_137_subplot_2",713534,3,137,2,,,,
"SpringOatPeaIntercrop_2024_NY_137_subplot_3",713536,3,137,3,,1,,1
"SpringOatPeaIntercrop_2024_NY_138_subplot_1",713877,3,138,1,1,,1,
"SpringOatPeaIntercrop_2024_NY_138_subplot_2",713879,3,138,2,,,,
"SpringOatPeaIntercrop_2024_NY_138_subplot_3",713881,3,138,3,,1,,1
"SpringOatPeaIntercrop_2024_NY_139_subplot_1",714059,3,139,1,,1,,1
"SpringOatPeaIntercrop_2024_NY_139_subplot_2",714060,3,139,2,,,,
"SpringOatPeaIntercrop_2024_NY_139_subplot_3",714061,3,139,3,1,,1,
"SpringOatPeaIntercrop_2024_NY_140_subplot_1",713835,3,140,1,,1,,1
"SpringOatPeaIntercrop_2024_NY_140_subplot_2",713837,3,140,2,,,,
"SpringOatPeaIntercrop_2024_NY_140_subplot_3",713839,3,140,3,1,,1,
"SpringOatPeaIntercrop_2024_NY_141_subplot_1",714110,3,141,1,,1,1,
"SpringOatPeaIntercrop_2024_NY_141_subplot_2",714111,3,141,2,,,,
"SpringOatPeaIntercrop_2024_NY_141_subplot_3",714112,3,141,3,1,,,1
"SpringOatPeaIntercrop_2024_NY_142_subplot_1",714193,3,142,1,,1,1,
"SpringOatPeaIntercrop_2024_NY_142_subplot_2",714195,3,142,2,,,,
"SpringOatPeaIntercrop_2024_NY_142_subplot_3",714197,3,142,3,1,,,1
"SpringOatPeaIntercrop_2024_NY_143_subplot_1",713743,3,143,1,1,,,1
"SpringOatPeaIntercrop_2024_NY_143_subplot_2",713745,3,143,2,,,,
"SpringOatPeaIntercrop_2024_NY_143_subplot_3",713748,3,143,3,,1,1,
"SpringOatPeaIntercrop_2024_NY_144_subplot_1",714408,3,144,1,1,,,1
"SpringOatPeaIntercrop_2024_NY_144_subplot_2",714410,3,144,2,,,,
"SpringOatPeaIntercrop_2024_NY_144_subplot_3",714412,3,144,3,,1,1,
"SpringOatPeaIntercrop_2024_NY_145_subplot_1",713633,3,145,1,,1,,1
"SpringOatPeaIntercrop_2024_NY_145_subplot_2",713635,3,145,2,,,,
"SpringOatPeaIntercrop_2024_NY_145_subplot_3",713638,3,145,3,1,,1,
"SpringOatPeaIntercrop_2024_NY_146_subplot_1",714014,3,146,1,,1,,1
"SpringOatPeaIntercrop_2024_NY_146_subplot_2",714016,3,146,2,,,,
"SpringOatPeaIntercrop_2024_NY_146_subplot_3",714017,3,146,3,1,,1,
"SpringOatPeaIntercrop_2024_NY_147_subplot_1",713895,3,147,1,1,,1,
"SpringOatPeaIntercrop_2024_NY_147_subplot_2",713897,3,147,2,,,,
"SpringOatPeaIntercrop_2024_NY_147_subplot_3",713899,3,147,3,,1,,1
"SpringOatPeaIntercrop_2024_NY_148_subplot_1",713730,3,148,1,1,,1,
"SpringOatPeaIntercrop_2024_NY_148_subplot_2",713733,3,148,2,,,,
"SpringOatPeaIntercrop_2024_NY_148_subplot_3",713735,3,148,3,,1,,1
"SpringOatPeaIntercrop_2024_NY_149_subplot_1",714484,3,149,1,,1,,1
"SpringOatPeaIntercrop_2024_NY_149_subplot_2",714486,3,149,2,,,,
"SpringOatPeaIntercrop_2024_NY_149_subplot_3",714488,3,149,3,1,,1,
"SpringOatPeaIntercrop_2024_NY_150_subplot_1",714080,3,150,1,,1,,1
"SpringOatPeaIntercrop_2024_NY_150_subplot_2",714081,3,150,2,,,,
"SpringOatPeaIntercrop_2024_NY_150_subplot_3",714082,3,150,3,1,,1,
"SpringOatPeaIntercrop_2024_NY_151_subplot_1",713763,4,151,1,1,,1,
"SpringOatPeaIntercrop_2024_NY_151_subplot_2",713765,4,151,2,,,,
"SpringOatPeaIntercrop_2024_NY_151_subplot_3",713767,4,151,3,,1,,1
"SpringOatPeaIntercrop_2024_NY_152_subplot_1",713949,4,152,1,1,,1,
"SpringOatPeaIntercrop_2024_NY_152_subplot_2",713951,4,152,2,,,,
"SpringOatPeaIntercrop_2024_NY_152_subplot_3",713953,4,152,3,,1,,1
"SpringOatPeaIntercrop_2024_NY_153_subplot_1",714104,4,153,1,1,,,1
"SpringOatPeaIntercrop_2024_NY_153_subplot_2",714105,4,153,2,,,,
"SpringOatPeaIntercrop_2024_NY_153_subplot_3",714106,4,153,3,,1,1,
"SpringOatPeaIntercrop_2024_NY_154_subplot_1",713526,4,154,1,1,,,1
"SpringOatPeaIntercrop_2024_NY_154_subplot_2",713528,4,154,2,,,,
"SpringOatPeaIntercrop_2024_NY_154_subplot_3",713530,4,154,3,,1,1,
"SpringOatPeaIntercrop_2024_NY_155_subplot_1",714513,4,155,1,,1,1,
"SpringOatPeaIntercrop_2024_NY_155_subplot_2",714515,4,155,2,,,,
"SpringOatPeaIntercrop_2024_NY_155_subplot_3",714517,4,155,3,1,,,1
"SpringOatPeaIntercrop_2024_NY_156_subplot_1",714134,4,156,1,,1,1,
"SpringOatPeaIntercrop_2024_NY_156_subplot_2",714136,4,156,2,,,,
"SpringOatPeaIntercrop_2024_NY_156_subplot_3",714138,4,156,3,1,,,1
"SpringOatPeaIntercrop_2024_NY_157_subplot_1",714223,4,157,1,,1,1,
"SpringOatPeaIntercrop_2024_NY_157_subplot_2",714225,4,157,2,,,,
"SpringOatPeaIntercrop_2024_NY_157_subplot_3",714227,4,157,3,1,,,1
"SpringOatPeaIntercrop_2024_NY_158_subplot_1",714437,4,158,1,,1,1,
"SpringOatPeaIntercrop_2024_NY_158_subplot_2",714439,4,158,2,,,,
"SpringOatPeaIntercrop_2024_NY_158_subplot_3",714441,4,158,3,1,,,1
"SpringOatPeaIntercrop_2024_NY_159_subplot_1",713717,4,159,1,1,,,1
"SpringOatPeaIntercrop_2024_NY_159_subplot_2",713720,4,159,2,,,,
"SpringOatPeaIntercrop_2024_NY_159_subplot_3",713722,4,159,3,,1,1,
"SpringOatPeaIntercrop_2024_NY_160_subplot_1",713943,4,160,1,1,,,1
"SpringOatPeaIntercrop_2024_NY_160_subplot_2",713945,4,160,2,,,,
"SpringOatPeaIntercrop_2024_NY_160_subplot_3",713947,4,160,3,,1,1,
"SpringOatPeaIntercrop_2024_NY_161_subplot_1",714128,4,161,1,1,,,1
"SpringOatPeaIntercrop_2024_NY_161_subplot_2",714129,4,161,2,,,,
"SpringOatPeaIntercrop_2024_NY_161_subplot_3",714130,4,161,3,,1,1,
"SpringOatPeaIntercrop_2024_NY_162_subplot_1",714071,4,162,1,1,,,1
"SpringOatPeaIntercrop_2024_NY_162_subplot_2",714072,4,162,2,,,,
"SpringOatPeaIntercrop_2024_NY_162_subplot_3",714073,4,162,3,,1,1,
"SpringOatPeaIntercrop_2024_NY_163_subplot_1",714032,4,163,1,1,,1,
"SpringOatPeaIntercrop_2024_NY_163_subplot_2",714033,4,163,2,,,,
"SpringOatPeaIntercrop_2024_NY_163_subplot_3",714034,4,163,3,,1,,1
"SpringOatPeaIntercrop_2024_NY_164_subplot_1",714449,4,164,1,1,,1,
"SpringOatPeaIntercrop_2024_NY_164_subplot_2",714451,4,164,2,,,,
"SpringOatPeaIntercrop_2024_NY_164_subplot_3",714453,4,164,3,,1,,1
"SpringOatPeaIntercrop_2024_NY_165_subplot_1",713570,4,165,1,,1,,1
"SpringOatPeaIntercrop_2024_NY_165_subplot_2",713572,4,165,2,,,,
"SpringOatPeaIntercrop_2024_NY_165_subplot_3",713574,4,165,3,1,,1,
"SpringOatPeaIntercrop_2024_NY_166_subplot_1",713793,4,166,1,,1,,1
"SpringOatPeaIntercrop_2024_NY_166_subplot_2",713795,4,166,2,,,,
"SpringOatPeaIntercrop_2024_NY_166_subplot_3",713797,4,166,3,1,,1,
"SpringOatPeaIntercrop_2024_NY_167_subplot_1",713883,4,167,1,1,,1,
"SpringOatPeaIntercrop_2024_NY_167_subplot_2",713885,4,167,2,,,,
"SpringOatPeaIntercrop_2024_NY_167_subplot_3",713887,4,167,3,,1,,1
"SpringOatPeaIntercrop_2024_NY_168_subplot_1",713497,4,168,1,1,,1,
"SpringOatPeaIntercrop_2024_NY_168_subplot_2",713499,4,168,2,,,,
"SpringOatPeaIntercrop_2024_NY_168_subplot_3",713501,4,168,3,,1,,1
"SpringOatPeaIntercrop_2024_NY_169_subplot_1",714384,4,169,1,1,,1,
"SpringOatPeaIntercrop_2024_NY_169_subplot_2",714386,4,169,2,,,,
"SpringOatPeaIntercrop_2024_NY_169_subplot_3",714388,4,169,3,,1,,1
"SpringOatPeaIntercrop_2024_NY_170_subplot_1",713509,4,170,1,1,,1,
"SpringOatPeaIntercrop_2024_NY_170_subplot_2",713511,4,170,2,,,,
"SpringOatPeaIntercrop_2024_NY_170_subplot_3",713513,4,170,3,,1,,1
"SpringOatPeaIntercrop_2024_NY_171_subplot_1",714353,4,171,1,1,,1,
"SpringOatPeaIntercrop_2024_NY_171_subplot_2",714355,4,171,2,,,,
"SpringOatPeaIntercrop_2024_NY_171_subplot_3",714357,4,171,3,,1,,1
"SpringOatPeaIntercrop_2024_NY_172_subplot_1",714420,4,172,1,1,,1,
"SpringOatPeaIntercrop_2024_NY_172_subplot_2",714421,4,172,2,,,,
"SpringOatPeaIntercrop_2024_NY_172_subplot_3",714423,4,172,3,,1,,1
"SpringOatPeaIntercrop_2024_NY_173_subplot_1",713551,4,173,1,1,,,1
"SpringOatPeaIntercrop_2024_NY_173_subplot_2",713553,4,173,2,,,,
"SpringOatPeaIntercrop_2024_NY_173_subplot_3",713555,4,173,3,,1,1,
"SpringOatPeaIntercrop_2024_NY_174_subplot_1",714089,4,174,1,1,,,1
"SpringOatPeaIntercrop_2024_NY_174_subplot_2",714090,4,174,2,,,,
"SpringOatPeaIntercrop_2024_NY_174_subplot_3",714091,4,174,3,,1,1,
"SpringOatPeaIntercrop_2024_NY_175_subplot_1",713901,4,175,1,1,,,1
"SpringOatPeaIntercrop_2024_NY_175_subplot_2",713903,4,175,2,,,,
"SpringOatPeaIntercrop_2024_NY_175_subplot_3",713905,4,175,3,,1,1,
"SpringOatPeaIntercrop_2024_NY_176_subplot_1",713704,4,176,1,1,,,1
"SpringOatPeaIntercrop_2024_NY_176_subplot_2",713707,4,176,2,,,,
"SpringOatPeaIntercrop_2024_NY_176_subplot_3",713709,4,176,3,,1,1,
"SpringOatPeaIntercrop_2024_NY_177_subplot_1",713659,4,177,1,,1,1,
"SpringOatPeaIntercrop_2024_NY_177_subplot_2",713661,4,177,2,,,,
"SpringOatPeaIntercrop_2024_NY_177_subplot_3",713663,4,177,3,1,,,1
"SpringOatPeaIntercrop_2024_NY_178_subplot_1",713967,4,178,1,,1,1,
"SpringOatPeaIntercrop_2024_NY_178_subplot_2",713969,4,178,2,,,,
"SpringOatPeaIntercrop_2024_NY_178_subplot_3",713971,4,178,3,1,,,1
"SpringOatPeaIntercrop_2024_NY_179_subplot_1",714169,4,179,1,1,,1,
"SpringOatPeaIntercrop_2024_NY_179_subplot_2",714171,4,179,2,,,,
"SpringOatPeaIntercrop_2024_NY_179_subplot_3",714173,4,179,3,,1,,1
"SpringOatPeaIntercrop_2024_NY_180_subplot_1",714425,4,180,1,1,,1,
"SpringOatPeaIntercrop_2024_NY_180_subplot_2",714427,4,180,2,,,,
"SpringOatPeaIntercrop_2024_NY_180_subplot_3",714429,4,180,3,,1,,1
"SpringOatPeaIntercrop_2024_NY_181_subplot_1",713698,4,181,1,1,,,1
"SpringOatPeaIntercrop_2024_NY_181_subplot_2",713700,4,181,2,,,,
"SpringOatPeaIntercrop_2024_NY_181_subplot_3",713702,4,181,3,,1,1,
"SpringOatPeaIntercrop_2024_NY_182_subplot_1",713515,4,182,1,1,,,1
"SpringOatPeaIntercrop_2024_NY_182_subplot_2",713517,4,182,2,,,,
"SpringOatPeaIntercrop_2024_NY_182_subplot_3",713519,4,182,3,,1,1,
"SpringOatPeaIntercrop_2024_NY_183_subplot_1",714490,4,183,1,1,,,1
"SpringOatPeaIntercrop_2024_NY_183_subplot_2",714492,4,183,2,,,,
"SpringOatPeaIntercrop_2024_NY_183_subplot_3",714494,4,183,3,,1,1,
"SpringOatPeaIntercrop_2024_NY_184_subplot_1",713990,4,184,1,1,,,1
"SpringOatPeaIntercrop_2024_NY_184_subplot_2",713992,4,184,2,,,,
"SpringOatPeaIntercrop_2024_NY_184_subplot_3",713994,4,184,3,,1,1,
"SpringOatPeaIntercrop_2024_NY_185_subplot_1",714038,4,185,1,1,,,1
"SpringOatPeaIntercrop_2024_NY_185_subplot_2",714039,4,185,2,,,,
"SpringOatPeaIntercrop_2024_NY_185_subplot_3",714040,4,185,3,,1,1,
"SpringOatPeaIntercrop_2024_NY_186_subplot_1",714390,4,186,1,1,,,1
"SpringOatPeaIntercrop_2024_NY_186_subplot_2",714392,4,186,2,,,,
"SpringOatPeaIntercrop_2024_NY_186_subplot_3",714394,4,186,3,,1,1,
"SpringOatPeaIntercrop_2024_NY_187_subplot_1",714305,4,187,1,,1,,1
"SpringOatPeaIntercrop_2024_NY_187_subplot_2",714307,4,187,2,,,,
"SpringOatPeaIntercrop_2024_NY_187_subplot_3",714309,4,187,3,1,,1,
"SpringOatPeaIntercrop_2024_NY_188_subplot_1",714062,4,188,1,,1,,1
"SpringOatPeaIntercrop_2024_NY_188_subplot_2",714063,4,188,2,,,,
"SpringOatPeaIntercrop_2024_NY_188_subplot_3",714064,4,188,3,1,,1,
"SpringOatPeaIntercrop_2024_NY_189_subplot_1",713787,4,189,1,1,,1,
"SpringOatPeaIntercrop_2024_NY_189_subplot_2",713789,4,189,2,,,,
"SpringOatPeaIntercrop_2024_NY_189_subplot_3",713791,4,189,3,,1,,1
"SpringOatPeaIntercrop_2024_NY_190_subplot_1",713984,4,190,1,1,,1,
"SpringOatPeaIntercrop_2024_NY_190_subplot_2",713986,4,190,2,,,,
"SpringOatPeaIntercrop_2024_NY_190_subplot_3",713988,4,190,3,,1,,1
"SpringOatPeaIntercrop_2024_NY_191_subplot_1",714163,4,191,1,,1,1,
"SpringOatPeaIntercrop_2024_NY_191_subplot_2",714165,4,191,2,,,,
"SpringOatPeaIntercrop_2024_NY_191_subplot_3",714167,4,191,3,1,,,1
"SpringOatPeaIntercrop_2024_NY_192_subplot_1",714092,4,192,1,,1,1,
"SpringOatPeaIntercrop_2024_NY_192_subplot_2",714093,4,192,2,,,,
"SpringOatPeaIntercrop_2024_NY_192_subplot_3",714094,4,192,3,1,,,1
"SpringOatPeaIntercrop_2024_NY_193_subplot_1",714023,4,193,1,1,,1,
"SpringOatPeaIntercrop_2024_NY_193_subplot_2",714024,4,193,2,,,,
"SpringOatPeaIntercrop_2024_NY_193_subplot_3",714025,4,193,3,,1,,1
"SpringOatPeaIntercrop_2024_NY_194_subplot_1",714431,4,194,1,1,,1,
"SpringOatPeaIntercrop_2024_NY_194_subplot_2",714433,4,194,2,,,,
"SpringOatPeaIntercrop_2024_NY_194_subplot_3",714435,4,194,3,,1,,1
"SpringOatPeaIntercrop_2024_NY_195_subplot_1",713557,4,195,1,,1,1,
"SpringOatPeaIntercrop_2024_NY_195_subplot_2",713559,4,195,2,,,,
"SpringOatPeaIntercrop_2024_NY_195_subplot_3",713561,4,195,3,1,,,1
"SpringOatPeaIntercrop_2024_NY_196_subplot_1",713775,4,196,1,,1,1,
"SpringOatPeaIntercrop_2024_NY_196_subplot_2",713777,4,196,2,,,,
"SpringOatPeaIntercrop_2024_NY_196_subplot_3",713779,4,196,3,1,,,1
"SpringOatPeaIntercrop_2024_NY_197_subplot_1",713859,4,197,1,1,,1,
"SpringOatPeaIntercrop_2024_NY_197_subplot_2",713861,4,197,2,,,,
"SpringOatPeaIntercrop_2024_NY_197_subplot_3",713863,4,197,3,,1,,1
"SpringOatPeaIntercrop_2024_NY_198_subplot_1",713520,4,198,1,1,,1,
"SpringOatPeaIntercrop_2024_NY_198_subplot_2",713522,4,198,2,,,,
"SpringOatPeaIntercrop_2024_NY_198_subplot_3",713524,4,198,3,,1,,1
"SpringOatPeaIntercrop_2024_NY_199_subplot_1",714335,4,199,1,1,,,1
"SpringOatPeaIntercrop_2024_NY_199_subplot_2",714337,4,199,2,,,,
"SpringOatPeaIntercrop_2024_NY_199_subplot_3",714339,4,199,3,,1,1,
"SpringOatPeaIntercrop_2024_NY_200_subplot_1",714229,4,200,1,1,,,1
"SpringOatPeaIntercrop_2024_NY_200_subplot_2",714231,4,200,2,,,,
"SpringOatPeaIntercrop_2024_NY_200_subplot_3",714233,4,200,3,,1,1,
